list_id,property_type,listing_type,area_m2,living_area_m2,width_m,length_m,rooms,toilets,floors,legal_document,furnishing,street_name,price_per_m2,area_group,price_group
132371456,3,sale,70.0,490.0,4.5,16.0,11.0,7.0,7.0,1.0,1.0,Đường Trần Duy Hưng,428571428.5714286,medium,over_10b
132025602,2,,55.0,,,,5.0,,,,,Đường Nghiêm Xuân Yêm,300000000.0,small,over_10b
132371587,4,rent,75.0,,,,,,,,,Tăng Thiết Giáp,333333.3333333333,medium,under_1b
132012036,3,sale,48.0,,,,4.0,4.0,,1.0,2.0,Đường Di Trạch,108333333.33333333,small,5_10b
132348939,3,rent,15.0,,,,2.0,,,,,Ngõ Văn Hương,233333.33333333334,very_small,under_1b
128251408,Phòng trọ,rent,25.0,,,,,,,,,Phố Phú Đô,152000.0,very_small,under_1b
132371217,3,,55.0,330.0,4.5,,11.0,,6.0,1.0,1.0,Hoàng Mai,294545454.54545456,small,over_10b
131460370,3,sale,40.0,,,,5.0,,5.0,1.0,,Phố Vũ Tông Phan,257500000.0,small,over_10b
132270869,3,rent,18.0,,,,2.0,2.0,,,,Phố Lê Gia Đỉnh,416666.6666666667,very_small,under_1b
132371093,1,,44.0,,,,,,,1.0,,Đường Đình Bắc Lãm,95454545.45454545,small,3_5b
132370965,1,rent,45.0,,,,3.0,,,,,Đường Ngọc Thụy,233333.33333333334,small,under_1b
132371353,3,,40.0,240.0,4.0,12.0,4.0,,6.0,1.0,1.0,Đường Thái Hà,425000000.0,small,over_10b
131033625,2,,25.0,,,,1.0,1.0,,,,Cầu vượt Tây Mỗ,160000.0,very_small,under_1b
132248734,4,rent,200.0,,,,,,,3.0,2.0,Trung Kính,577500.0,large,under_1b
132113055,1,sale,650.0,,15.0,48.0,,,,1.0,,Tân Hội,6123076.923076923,very_large,3_5b
132117023,3,rent,50.0,50.0,,,1.0,1.0,1.0,1.0,2.0,Ngõ 14 Nguyên Hồng,140000.0,small,under_1b
131022369,1,sale,45.0,,5.0,,,,,1.0,,Đường Đa Tốn,80000000.0,small,3_5b
132370723,1,,50.0,,,,3.0,4.0,,,,an đào,257000000.0,small,over_10b
132371492,3,,39.0,240.0,4.0,10.0,4.0,,6.0,1.0,1.0,Phố Chùa Bộc,433333333.3333333,small,over_10b
132217124,3,,31.5,180.0,3.0,10.0,4.0,,6.0,,3.0,Ngõ 97 Thái Thịnh,301587301.5873016,small,5_10b
132370854,3,rent,55.0,,,,,,,1.0,1.0,xã đàn 2,154545.45454545456,small,under_1b
132370855,3,rent,50.0,,,,2.0,,,,,Đường Nguyễn Văn Linh,90000.0,small,under_1b
132369705,3,rent,43.0,,,,3.0,,,,,Ngách 56 Ngõ 61 Phố Trạm,255813.9534883721,small,under_1b
132290556,Phòng trọ,rent,42.0,,,,,,,,2.0,Phố Ngọc Trục,135714.2857142857,small,under_1b
132370221,3,sale,40.0,40.0,,,4.0,,4.0,1.0,2.0,Cổ điển A,165000000.0,small,5_10b
132173102,3,sale,33.0,150.0,363.0,10.5,4.0,3.0,4.0,1.0,2.0,Đường Lạc Long Quân,241818181.8181818,small,5_10b
132240047,Phòng trọ,,30.0,,,,,,,,2.0,Đường Giải Phóng,143333.33333333334,small,under_1b
132369839,1,,52.0,,,,2.0,2.0,,6.0,2.0,Đường Mễ Trì,32692307.692307692,small,1_3b
125718706,1,sale,40.0,,,,,,,1.0,,Đường Tả Thanh Oai,72500000.0,small,1_3b
132370995,4,rent,25.0,,,,,,,,,Phố Chu Huy Mân,200000.0,very_small,under_1b
132369724,3,rent,32.0,150.0,,,3.0,4.0,5.0,1.0,,Quốc Lộ 21b,250000.0,small,under_1b
132371517,3,,35.0,155.0,4.3,8.0,4.0,,5.0,1.0,1.0,Phố Hồng Mai,280000000.0,small,5_10b
132370365,3,sale,45.0,45.0,,,3.0,3.0,3.0,1.0,2.0,Tứ hiệp,131111111.1111111,small,5_10b
131779389,2,,28.0,,,,1.0,,,,,Phố Trịnh Văn Bô,142857.14285714287,very_small,under_1b
129456707,3,,50.0,50.0,4.0,,2.0,,3.0,4.0,1.0,Trần Hoà,58000000.0,small,1_3b
132291011,3,sale,26.0,60.0,42.0,6.0,2.0,1.0,2.0,2.0,2.0,Phố Trịnh Đình Cửu,96153846.15384616,very_small,1_3b
132370245,1,rent,84.0,,,,2.0,,,,,Đường Lý Sơn,107142.85714285714,medium,under_1b
131791740,3,sale,40.0,,,,5.0,,4.0,1.0,2.0,Phố Định Công Thượng,235000000.0,small,5_10b
131472200,3,rent,36.0,110.0,,,3.0,2.0,3.0,1.0,2.0,Đường Hoàng Hoa Thám,388888.8888888889,small,under_1b
132369865,1,rent,70.0,,,,2.0,,,,,Đường Phúc Lợi,107142.85714285714,medium,under_1b
131352908,Phòng trọ,,30.0,,,,,,,,2.0,Đường Xuân La,200000.0,small,under_1b
132277335,Phòng trọ,,20.0,,,,,,,,2.0,Phố Hàng Cháo,175000.0,very_small,under_1b
132370904,1,rent,40.0,,,,4.0,,,,,Ngõ 40 phố Giang Biên,325000.0,small,under_1b
132370679,3,rent,130.0,,,,,,,1.0,1.0,Đường Trần Duy Hưng,176923.07692307694,large,under_1b
132371038,3,,30.0,,,,3.0,,5.0,1.0,2.0,Lê Trọng Tấn,240000000.0,small,5_10b
132371042,4,rent,130.0,,,,,,,1.0,1.0,Phố An Trạch,323076.92307692306,large,under_1b
132369635,3,,32.0,150.0,,,3.0,4.0,5.0,1.0,2.0,Phượng Nghĩa ,187500.0,small,under_1b
131962212,Phòng trọ,rent,30.0,,,,,,,,2.0,Phố Văn Khê,116666.66666666667,small,under_1b
132370148,4,,80.0,,,,,,,1.0,3.0,Phố Thọ Lão,162500.0,medium,under_1b
132370025,1,,52.0,,,,2.0,2.0,,6.0,2.0,Đường Nguyễn Trãi,27884615.384615384,small,1_3b
132370922,3,rent,75.0,,,,,,,1.0,1.0,Phố An Trạch,226666.66666666666,medium,under_1b
132370538,5,,25.0,,,,1.0,1.0,,5.0,2.0,Phố 8 Tháng 3,48000000.0,very_small,1_3b
132370412,1,rent,78.0,,,,2.0,,,,,Đường Ngọc Thụy,179487.1794871795,medium,under_1b
132268525,4,rent,30.0,,,,,,,,,Phố Trần Tử Bình,333333.3333333333,small,under_1b
132370544,1,,485.0,,,,,,,,,Đông Yên ,23711340.206185568,very_large,over_10b
132370802,3,rent,55.0,,,,,,,1.0,1.0,đường bưởi,136363.63636363635,small,under_1b
132370420,1,rent,200.0,,,,3.0,,,,,Đường Quốc lộ 3,55000.0,large,under_1b
129628407,3,sale,35.0,,350.0,10.0,3.0,4.0,5.0,1.0,,Phố Ngọc Lâm,257142857.14285713,small,5_10b
132371322,4,,90.0,540.0,5.0,18.0,8.0,,,1.0,1.0,Phố Trần Điền,355555555.5555556,medium,over_10b
132371452,3,rent,27.0,80.0,,,3.0,2.0,3.0,,2.0,Đường Hoàng Mai,296296.2962962963,very_small,under_1b
131440641,2,sale,33.0,,,,1.0,1.0,,5.0,1.0,Phố Vũ Tông Phan,45000000.0,small,1_3b
129552395,3,rent,200.0,,,,,,,1.0,,Khương Thượng,200000.0,large,under_1b
131123218,Phòng trọ,,20.0,,,,,,,,2.0,Phố Tân Mai,150000.0,very_small,under_1b
129927192,3,rent,120.0,,,,,,,1.0,,Ngõ 23 Lê Văn Thiêm,208333.33333333334,large,under_1b
132255773,3,,61.0,61.0,,,3.0,2.0,,,,Phố Định Công,44262295.08196721,medium,1_3b
132313118,1,,55.0,,,,2.0,1.0,,6.0,2.0,Đại Mỗ,83636363.63636364,small,3_5b
132360224,3,rent,54.0,,,,9.0,,,,,Phố Bùi Ngọc Dương,218518518.5185185,small,over_10b
132360229,1,sale,44.0,,,,2.0,1.0,,5.0,2.0,Đường Trần Khát Chân,30681818.181818184,small,1_3b
132362280,1,sale,52.0,,,,2.0,1.0,,6.0,2.0,Phùng Hưng,65192307.692307696,small,3_5b
132358185,3,,40.0,160.0,4.0,10.0,3.0,4.0,4.0,1.0,2.0,Phố Thái Thịnh,225000000.0,small,5_10b
132358189,3,rent,60.0,,4.0,15.0,4.0,3.0,4.0,,,Ngõ 156 Kim Ngưu,216666.66666666666,medium,under_1b
132364346,3,sale,38.0,45.0,3.5,,2.0,1.0,1.0,1.0,,Phố Ngọc Trục,165789473.68421054,small,5_10b
122746940,4,,60.0,60.0,14.0,,10.0,5.0,,1.0,2.0,Đường Lê Trọng Tấn,346666666.6666667,medium,over_10b
132110409,2,,18.0,,,,1.0,,,,,Đường Hoàng Mai,183333.33333333334,very_small,under_1b
131741774,1,sale,32.0,,,,1.0,,,6.0,3.0,Đại Mỗ,93750000.0,small,3_5b
132208719,3,rent,50.0,4.0,4.5,11.0,4.0,4.0,7.0,1.0,3.0,Phố Thanh Nhàn,700000.0,small,under_1b
132327504,2,,25.0,,,,1.0,,,,,Phố Trịnh Văn Bô,156000.0,very_small,under_1b
131186773,3,sale,23.0,,,,2.0,2.0,3.0,,,Phố Vũ Tông Phan,73913043.47826087,very_small,1_3b
128454745,3,,30.0,,,,3.0,3.0,,1.0,1.0,Tây Trà,200000000.0,small,5_10b
132364379,3,,41.0,41.0,,,3.0,,4.0,1.0,3.0,Phố Bạch Mai,185365853.65853658,small,5_10b
132362333,Phòng trọ,rent,25.0,,,,,,,,,Số 12 Ngõ 179/187 Vĩnh Hưng,120000.0,very_small,under_1b
132163678,2,,25.0,,,,1.0,1.0,,4.0,1.0,Phố Khương Thượng,192000.0,very_small,under_1b
102406246,2,,48.0,,,,1.0,1.0,,4.0,,Đường Đê La Thành,156250.0,small,under_1b
132321392,Phòng trọ,rent,20.0,,,,,,,,1.0,hoang công chất ,185000.0,very_small,under_1b
132319353,4,rent,500.0,,,,,,,1.0,3.0,Ngọc lâm,140000.0,very_large,under_1b
131268735,Phòng trọ,rent,18.0,,,,,,,,,Đường Thái Hà,155555.55555555556,very_small,under_1b
131793039,1,sale,48.0,,3.2999,14.8999,,,,1.0,,Đường Phú Diễn,218750000.0,small,over_10b
132360336,4,rent,45.0,,,,,,,,,Đường Cổ Linh,488888.8888888889,small,under_1b
132360341,3,,35.0,35.0,,,3.0,,5.0,1.0,,Phố Tân Mai,222857142.85714287,small,5_10b
132348062,1,,1685.0,,31.0,,,,,1.0,,Đường Thái Lai,7715133.53115727,very_large,over_10b
132366496,5,,90.0,,,,3.0,2.0,,6.0,1.0,Ngõ 27 Bùi Ngọc Dương,45555555.55555555,medium,3_5b
132208802,1,sale,65.0,,,,2.0,1.0,,6.0,2.0,Đường Nguyễn Trãi,33538461.53846154,medium,1_3b
131608739,Phòng trọ,,20.0,,,,,,,,2.0,đường Nguyễn Khang,160000.0,very_small,under_1b
131023015,Phòng trọ,rent,30.0,,,,,,,,2.0,Đường Nguyễn Ngọc Vũ,150000.0,small,under_1b
132321450,5,sale,34.5999,,,,1.0,,,5.0,,Phố Hàng Đào,167630542.2848043,small,5_10b
132364462,4,rent,220.0,,,,,,,1.0,1.0,Đường Ngô Gia Tự,163636.36363636365,large,under_1b
132327602,3,sale,34.0,,4.0,,3.0,,5.0,1.0,,Phố Định Công Thượng,255882352.94117647,small,5_10b
132366518,4,rent,270.0,,,,,,,,,Ngõ 41 Đông Tác,240740.74074074073,large,under_1b
123476164,2,rent,40.0,,,,1.0,1.0,,4.0,1.0,Đường Âu Cơ,175000.0,small,under_1b
132350155,1,,120.0,,7.0,17.0,,,,1.0,,Đường Ga Đông Anh,91666666.66666667,large,over_10b
129710289,Phòng trọ,rent,20.0,,,,,,,,2.0,Giáp bát,150000.0,very_small,under_1b
132366548,1,sale,52.7999,,,,,,,,,thôn bống,29356116.20476554,small,1_3b
132358358,1,,100.0,,,,,,,1.0,,Quốc lộ 21a,24000000.0,large,1_3b
130992342,Phòng trọ,rent,25.0,,,,,,,,2.0,Phố Bằng Liệt,116000.0,very_small,under_1b
132120793,3,,28.0,,4.8,,3.0,4.0,4.0,,1.0,Minh khai,245000000.0,very_small,5_10b
131238106,Phòng trọ,rent,25.0,,,,,,,,,Ngõ 127 Hào Nam,120000.0,very_small,under_1b
132194527,2,rent,35.0,,,,1.0,1.0,,6.0,2.0,Số 10 ngõ 49/64 Huỳnh thúc Kháng,148571.42857142858,small,under_1b
132350203,1,,100.0,,6.0,18.0,,,,1.0,,Võ Nguyên Giáp,70000000.0,large,5_10b
132366588,1,,100.0,,6.5,,,,,1.0,,Đường Quốc lộ 21,32500000.0,large,3_5b
132335884,Phòng trọ,rent,15.0,,,,,,,,2.0,Đường Nguyễn Chí Thanh,200000.0,very_small,under_1b
132237582,3,sale,30.6,30.6,8.5,3.7,4.0,4.0,5.0,1.0,2.0,Đường Nguyễn Văn Linh,212418300.65359476,small,5_10b
132364561,3,,30.0,,3.5999,,4.0,4.0,,5.0,,Vĩnh Hưng,161666666.66666666,small,3_5b
132360470,3,sale,31.0,,,,5.0,,,,,Kim Ngưu ,309677419.3548387,small,5_10b
131666206,Phòng trọ,rent,25.0,,,,,,,,2.0,Ngõ 99 Định Công Hạ,112000.0,very_small,under_1b
129370400,Phòng trọ,rent,20.0,,,,,,,,2.0,Thái Thình,215000.0,very_small,under_1b
132114722,3,sale,45.0,45.0,,,8.0,5.0,6.0,1.0,,Đường Hoàng Mai,235555555.55555555,small,over_10b
122747172,4,,50.0,50.0,4.5,,5.0,5.0,5.0,1.0,,Đường Lê Trọng Tấn,310000000.0,small,over_10b
132337955,4,,50.0,,,,5.0,,,,,Lê Trọng Tấn,360000.0,small,under_1b
132333858,1,,50.0,,5.0,10.0,,,,1.0,,Đường Thuỵ Lâm,60000000.0,small,3_5b
132356388,1,sale,80.0,,5.3,15.1,,,,1.0,, Nguyễn Mậu Tài ,2875000.0,medium,under_1b
130343212,3,sale,46.0,,,,9.0,7.0,6.0,1.0,1.0,Phố Thái Hà,301913043.4782609,small,over_10b
132172079,1,sale,45.0999,,4.0,11.6999,,,,1.0,,Đường Cổ Bi,203991583.12989607,small,5_10b
132366642,Phòng trọ,,20.0,,,,,,,,2.0,Đường Mễ Trì,200000.0,very_small,under_1b
132366648,5,,60.0,,,,2.0,1.0,,6.0,1.0,Lạc Trung,66500000.0,medium,3_5b
131764537,1,,35.0,,3.4,9.5,,,,1.0,,Đại Độ,75714285.71428572,small,1_3b
132360505,1,rent,55.0,,,,2.0,2.0,,,,Yên Viên,90909.09090909091,small,under_1b
132346173,1,,60.0,60.0,8.0,7.0,11.0,,10.0,1.0,1.0,Phố Phương Mai,405000000.0,medium,over_10b
130965825,Phòng trọ,rent,35.0,,,,,,,,3.0,Đường Lĩnh Nam,314285.71428571426,small,under_1b
132229441,Phòng trọ,rent,30.0,,,,,,,,2.0,Ngõ Quỳnh,150000.0,small,under_1b
131975498,Phòng trọ,rent,29.0,,,,,,,,2.0,Phố Vũ Tông Phan,103448.27586206897,very_small,under_1b
132350286,Phòng trọ,,30.0,,,,,,,,,Phố Bùi Xương Trạch,100000.0,small,under_1b
132358482,1,,56.0,,4.0,14.0,,,,1.0,,Đường Thuỵ Lâm,80357142.85714285,small,3_5b
132055378,1,,96.0,,,,3.0,4.0,4.0,1.0,1.0,thôn Song Mai,76875000.0,medium,5_10b
132321624,5,rent,50.0,,,,2.0,1.0,,6.0,2.0,Thịnh Quang,134000.0,small,under_1b
132338025,3,rent,30.0,,,,,,,,,Lê Trọng Tấn,133333.33333333334,small,under_1b
132366706,4,rent,80.0,,,,,,,1.0,,Phố Đội Cấn,275000.0,medium,under_1b
132069749,1,,99.0,,4.5,,,,,1.0,,thế trạch,30303030.303030305,medium,3_5b
132350328,1,,87.0,,5.4,17.0,,,,1.0,,Võ Văn Kiệt,58620689.655172415,medium,5_10b
131305869,1,sale,62.0,,6.0,10.0,,,,1.0,,Ngõ 8 Phú Diễn,177419354.83870968,medium,over_10b
132366738,3,sale,137.0,,,,,,,1.0,3.0,Hồ Tùng Mậu,47445255.474452555,large,5_10b
132366747,1,sale,33.0,,,,,,,,,Phố Nguyễn Mậu Tài,203030303.03030303,small,5_10b
132362652,3,sale,30.2999,,,,3.0,,,,,Phụng Châu,141914659.78435573,small,3_5b
132323748,1,,83.4,,5.15,16.0,,,,1.0,,Đường Quốc lộ 3,68345323.7410072,medium,5_10b
132364714,3,rent,40.0,40.0,4.0,10.0,5.0,6.0,6.0,1.0,3.0,"NGÕ 235 PHỐ YÊN HÒA ,CẦU GIẤY, HÀ NỘI",387500.0,small,under_1b
132366788,3,rent,110.0,440.0,,,4.0,,4.0,1.0,,Phố Kim Mã,154545.45454545456,large,under_1b
132364741,Phòng trọ,,25.0,,,,,,,,,Phố Nguyễn Khuyến,120000.0,very_small,under_1b
132356547,1,,100.0,,6.0,18.0,,,,1.0,,Đường Quốc lộ 21,24600000.0,large,1_3b
132358603,Phòng trọ,rent,26.0,,,,,,,,2.0,Ngõ 158 Nguyễn Văn Cừ,107692.30769230769,very_small,under_1b
131494358,3,,25.0,,4.5,5.5998,2.0,2.0,1.0,1.0,2.0,Đường Tam Trinh,195600000.0,very_small,3_5b
132364761,Phòng trọ,,20.0,,,,,,,,1.0,Đường Nguyễn Trãi,165000.0,very_small,under_1b
131824090,Phòng trọ,rent,30.0,,,,,,,,3.0,Phố Bạch Mai,133333.33333333334,small,under_1b
131334625,5,sale,90.0,,,,3.0,2.0,,,,Tam Trinh,64277777.777777776,medium,5_10b
132364772,Phòng trọ,,25.0,,,,,,,,,HUD Vân Canh,100000.0,very_small,under_1b
132311525,Phòng trọ,,36.0,,,,,,,,1.0,Đường Trường Chinh,183333.33333333334,small,under_1b
132313575,3,rent,60.0,,,,4.0,,4.0,,,Phố Đào Tấn,300000.0,medium,under_1b
132284908,Phòng trọ,,25.0,,,,,,,,2.0,Ngõ 127 hào nam,140000.0,very_small,under_1b
132366830,Phòng trọ,,25.0,,,,,,,,2.0,Phố Cự Lộc,80000.0,very_small,under_1b
132366831,2,sale,52.0,,,,2.0,1.0,,5.0,1.0,Phố Bùi Xương Trạch,41923076.92307692,small,1_3b
132368882,1,,62.0,,4.0,10.09,,,,1.0,,"tại Lò Nồi - Đông Sơn, Quang Tiến, Sóc Sơn",36000000.0,medium,1_3b
132358647,Phòng trọ,,15.0,,,,,,,,,Ngõ 322 Mỹ Đình,146666.66666666666,very_small,under_1b
132315645,2,rent,80.0,,,,2.0,2.0,,,,Phố Đội Cấn,162500.0,medium,under_1b
132366851,3,rent,50.0,200.0,5.0,,4.0,3.0,4.0,1.0,,Phố Hào Nam,420000.0,small,under_1b
132368900,1,rent,80.0,,,,1.0,1.0,,,2.0,Đường Bắc Cầu,168750.0,medium,under_1b
132364821,3,,50.0,,,,6.0,,5.0,1.0,,Phố Vương Thừa Vũ,245000000.0,small,over_10b
132362779,1,sale,68.0,,,,2.0,,,6.0,2.0,Lê Trọng Tấn,61764705.88235294,medium,3_5b
132340272,1,rent,60.0,,,,2.0,1.0,,6.0,,Yên Hòa,158333.33333333334,medium,under_1b
129272380,1,rent,30.0,,,,1.0,1.0,,6.0,2.0,1 Nghĩa Tân,116666.66666666667,small,under_1b
132358718,3,rent,55.0,,,,3.0,,,1.0,,Bát Khối,181818.18181818182,small,under_1b
132336194,3,,35.0,35.0,,,4.0,4.0,5.0,1.0,2.0,Phố Quan Nhân,214285714.2857143,small,5_10b
131514952,3,rent,20.0,,,,,,,,,Phố Láng Hạ,125000.0,very_small,under_1b
132338253,1,sale,60.0,60.0,6.0,10.0,3.0,3.0,3.0,1.0,2.0,Phố Hàng Vải,850000000.0,medium,over_10b
130853455,Phòng trọ,,14.0,,,,,,,,3.0,Đường Tả Thanh Oai,42857.142857142855,very_small,under_1b
131709520,1,sale,78.4,,4.5,17.6599,,,,1.0,,cây sữa kim bài,113520408.1632653,medium,5_10b
132364883,1,sale,98.0,320.0,9.0,10.2798,4.0,5.0,4.0,1.0,3.0,Đường Cự Khối,144897959.18367347,medium,over_10b
132358746,Phòng trọ,rent,25.0,,,,,,,,,Láng Hạ,208000.0,very_small,under_1b
132325981,1,,62.0,,,,2.0,,,6.0,,Quang Trung,93548387.09677419,medium,5_10b
132364899,3,rent,150.0,,,,,,,,,Thụy Khuê,266666.6666666667,large,under_1b
131693160,1,,80.0,,45.0,,5.0,5.0,8.0,1.0,1.0,Đường Bát Khối,325000000.0,medium,over_10b
132334209,3,sale,31.0,,,,2.0,1.0,,2.0,,Ngõ 34 Thanh Đàm,69354838.70967741,small,1_3b
132358797,1,sale,126.0,,7.0,17.0,,,,1.0,,Bắc Thăng Long Nội Bài,157142857.14285713,large,over_10b
132344467,3,sale,118.0,350.0,12.0,9.6998,4.0,,5.0,1.0,1.0,Phố Ngọc Hà,194915254.23728815,large,over_10b
132356757,3,rent,60.0,,,,4.0,3.0,,,,Phố Thành Công,283333.3333333333,medium,under_1b
132356759,4,rent,65.0,250.0,4.5,12.0,1.0,,5.0,2.0,3.0,Trường Sa,153846.15384615384,medium,under_1b
132358812,Phòng trọ,rent,15.0,,,,,,,,2.0,Ngõ 23 Lý Sơn,120000.0,very_small,under_1b
132321949,3,rent,60.0,240.0,8.0,7.0,4.0,4.0,4.0,,,Vương Thừa Vu,316666.6666666667,medium,under_1b
132358815,5,,70.0,,,,2.0,1.0,,6.0,2.0,Phố Lê Quý Đôn,50714285.71428572,medium,3_5b
132190882,3,sale,39.0,180.0,,,4.0,5.0,5.0,1.0,2.0,Phố Khương Hạ,217948717.94871795,small,5_10b
132336291,1,,76.0,,,,3.0,2.0,,6.0,2.0,Đường Đại lộ Thăng Long,84868421.05263157,medium,5_10b
132360885,1,,68.0,,,,3.0,2.0,,6.0,2.0,Đường Lê Văn Lương,93382352.94117647,medium,5_10b
132176575,3,,125.0,,,,,,,,3.0,Đường Nguyễn Khang,152000.0,large,under_1b
132238015,3,,122.0,,,,4.0,,,,,Trường chinh,245901639.3442623,large,over_10b
132358858,3,rent,42.0,,,,3.0,3.0,,1.0,2.0,Phố Việt Hưng,261904.7619047619,small,under_1b
132330188,3,rent,100.0,,,,,,,,,Ngõ 850 Đường Láng,100000.0,large,under_1b
132358864,1,,80.0,,,,,,,,,vd4,75000000.0,medium,5_10b
132362965,1,,70.0,70.0,5.0,,3.0,4.0,7.0,1.0,1.0,Ngọc Lâm,454142857.14285713,medium,over_10b
131156709,1,,50.0,45.0,,,3.0,4.0,5.0,1.0,1.0,Phố Hoàng Liệt,270000000.0,small,over_10b
132266727,4,sale,90.0,90.0,8.0,12.0,5.0,6.0,6.0,1.0,2.0,NGÔ GIA TỰ- ĐẶNG VŨ HỶ,228888888.8888889,medium,over_10b
132365032,3,,35.0,,,,3.0,4.0,4.0,1.0,,Ngõ Thịnh Quang,192857142.85714287,small,5_10b
132358889,Phòng trọ,,40.0,,,,,,,,,Phố Khương Trung,124975.0,small,under_1b
132066031,5,,45.0,,,,2.0,2.0,,6.0,,Lò Đúc,62000000.0,small,1_3b
132360956,1,,65.5198,,,,2.0,2.0,,,1.0,Hoàng Liệt,57234606.943244636,medium,3_5b
132367103,3,rent,42.0,168.0,4.0,10.0,4.0,3.0,4.0,1.0,3.0,Ngõ 9 đường Cối Sa,154761.90476190476,small,under_1b
131939077,Phòng trọ,,20.0,,,,,,,,1.0,Đường Nguyễn Trãi,165000.0,very_small,under_1b
131910431,1,sale,19.0,63.0,3.9,4.7898,3.0,2.0,3.0,2.0,2.0,Phố Tân Khai,104210526.31578948,very_small,1_3b
132332320,3,rent,240.0,,,,,,,1.0,3.0,Phố Lê Trọng Tấn,216666.66666666666,large,under_1b
132332351,1,sale,70.0,,,,2.0,2.0,,6.0,,Bùi Xương Trạch,74285714.28571428,medium,5_10b
132358978,1,rent,86.0,,,,2.0,2.0,,6.0,,khai sơn city,116279.06976744186,medium,under_1b
132356939,3,,25.0,25.0,3.2,8.0,2.0,3.0,4.0,1.0,2.0,Đường Trương Định,260000000.0,very_small,5_10b
132358999,5,sale,110.0,,,,4.0,,,6.0,2.0,Phố Nguyên Hồng,58636363.63636363,large,5_10b
132356953,Phòng trọ,,25.0,,,,,,,,2.0,Đức Diễn,124000.0,very_small,under_1b
132174687,Phòng trọ,rent,20.0,,,,,,,,2.0,Khương Đình,185000.0,very_small,under_1b
132037482,Phòng trọ,,16.0,,,,,,,,,Đường Nguyễn Trãi,125000.0,very_small,under_1b
130759541,3,sale,21.0,21.0,5.0,4.0,2.0,,4.0,1.0,2.0,Phố Minh Khai,276190476.1904762,very_small,5_10b
130081678,1,sale,61.4,,,,2.0,2.0,,6.0,,Trần Hữu Dực,102605863.1921824,medium,5_10b
132332431,3,rent,90.0,170.0,3.5,,3.0,,2.0,1.0,3.0,Ngõ 1142 đê la thành,144444.44444444444,medium,under_1b
132311958,3,rent,75.0,,,,,,,,,Phố Hoàng Cầu,160000.0,medium,under_1b
132359072,3,rent,52.0,,,,3.0,3.0,,1.0,,nguyễn sơn,576923.0769230769,small,under_1b
132365222,3,rent,25.0,100.0,,,4.0,2.0,,,2.0,Phố Kim Ngưu,280000.0,very_small,under_1b
131398567,3,rent,50.0,,,,,,,,,Đường Nguyễn Chí Thanh,100000.0,small,under_1b
131879851,3,rent,90.0,,,,,,,,,Đường Nguyễn Xiển,122222.22222222222,medium,under_1b
132359085,3,sale,56.0,,,,2.0,,,,,Đường Ngô Gia Tự,160714285.7142857,small,5_10b
132363189,3,sale,75.0,75.0,7.0,11.0,11.0,,9.0,,,Phố Mễ Trì Thượng,253333333.33333334,medium,over_10b
131546044,2,rent,6000.0,,,,,,,,,Phố Linh Đường,58.333333333333336,very_large,under_1b
128791487,4,sale,300.0,,5.0,55.0,,,,6.0,,Đường Phú Diễn,2500000.0,very_large,under_1b
132361152,3,,30.0,,,,5.0,,,,,Cổ Nhuế,250000000.0,small,5_10b
131500993,Phòng trọ,,40.0,,,,,,,,,Ngõ 214 Nguyễn Xiển,137500.0,small,under_1b
131974084,1,rent,60.0,,,,9.0,7.0,5.0,,,Đường Nội Khu,183000000.0,medium,over_10b
132359108,1,,45.0,,,,5.0,,,,,Đường Ngọc Thụy,288888.8888888889,small,under_1b
131787721,Phòng trọ,,25.0,,,,,,,,2.0,Đường Phú Mỹ,108000.0,very_small,under_1b
132363212,3,sale,45.0,,,,4.0,,,,,Tiên Phương,85111111.1111111,small,3_5b
132199373,4,rent,210.0,,,,,,,3.0,,Đường Phúc Diễn,119047.61904761905,large,under_1b
131806161,3,,60.0,,3.7999,,4.0,,,1.0,,Đường Lạc Long Quân,255000000.0,medium,over_10b
132369376,3,,40.0,40.0,,,3.0,,6.0,1.0,3.0,Đường Trương Định,195000000.0,small,5_10b
132357110,3,rent,33.0,,,,3.0,4.0,,,,"Ngõ 120, Thúy lĩnh",242424.24242424243,small,under_1b
132365306,2,rent,35.0,,,,1.0,,,,2.0,Đê La Thành,120000.0,small,under_1b
128279547,1,sale,106.0,,,,3.0,3.0,,6.0,1.0,Tố Hữu,88679245.28301887,large,5_10b
132363268,2,rent,31.0,,,,1.0,1.0,,4.0,2.0,ngõ 35 tu hoàng,109677.41935483871,small,under_1b
131785732,1,sale,80.0,,,,,,,,,Đường Lê Văn Hiến,268750000.0,medium,over_10b
128486406,1,sale,50.0,,4.5,,,,,1.0,,Phố Phan Kế Toại,250000000.0,small,over_10b
132211732,1,sale,76.0,,,,3.0,2.0,,6.0,1.0,Đại Mỗ,75000000.0,medium,5_10b
132361241,3,,32.0,32.0,,,4.0,4.0,5.0,1.0,2.0,Phố Quan Nhân,218750000.0,small,5_10b
132359201,3,,26.0,26.0,3.5,7.5,3.0,4.0,5.0,1.0,,đặng tiến đông,315384615.38461536,very_small,5_10b
131783717,5,sale,60.0,,,,3.0,1.0,,6.0,2.0,Đường Cầu Bươu,47500000.0,medium,1_3b
132357161,3,rent,40.0,,,,4.0,3.0,,,,Khương Đình,275000.0,small,under_1b
132328491,4,rent,62.0,,,,,,,1.0,,Nguyễn Chí Thanh,645161.2903225806,medium,under_1b
130599979,3,sale,58.0,300.0,4.3498,,7.0,7.0,5.0,1.0,,Đường Đê Trần Khát Chân,189482758.62068966,small,over_10b
132363317,3,sale,40.0,,,,2.0,,,,,quang minh,80000000.0,small,3_5b
132361270,3,,50.0,50.0,6.8,7.3,3.0,5.0,3.0,1.0,1.0,Ngõ Thịnh Quang,242000000.0,small,over_10b
132361286,5,sale,80.0,,,,3.0,2.0,,6.0,2.0,Đường Mai Dịch,59750000.0,medium,3_5b
131304519,5,rent,25.0,,,,1.0,1.0,,4.0,2.0,Phố Tân Mai,100000.0,very_small,under_1b
130575433,1,,194.0,426.0,,,11.0,,3.0,1.0,2.0,Giáp Bát,135051546.39175257,large,over_10b
132236369,1,sale,74.9,,4.0,18.7999,,,,1.0,,Đường Hạ Bằng,44058744.99332443,medium,3_5b
132369490,1,rent,55.0,,,,2.0,1.0,,6.0,2.0,Huỳnh Văn Nghệ,163636.36363636365,small,under_1b
131941459,2,,30.0,,,,1.0,1.0,,,,Phố Nguyễn Khắc Hiếu,183333.33333333334,small,under_1b
132361306,4,rent,45.0,250.0,,,5.0,5.0,5.0,1.0,2.0,Đường Bạch Đằng,344444.44444444444,small,under_1b
132361322,1,,86.0,,,,2.0,,,6.0,3.0,Nguyễn Đức Cảnh,62790697.674418606,medium,5_10b
132369518,3,,39.0,45.0,,,4.0,4.0,5.0,1.0,2.0,Phố Cự Lộc,184615384.6153846,small,5_10b
132369522,3,sale,62.0,62.0,,,3.0,,3.0,1.0,2.0,tứ hiệp,169354838.70967743,medium,over_10b
132361338,4,rent,20.0,,,,,,,,,Trần Đại Nghĩa,200000.0,very_small,under_1b
132076669,1,sale,79.5,,,,2.0,2.0,,6.0,2.0,Xa La,64150943.39622641,medium,5_10b
132088996,1,,100.0,,8.0,16.0,,,,1.0,,Đường Thuỵ Lâm,53200000.0,large,5_10b
132220072,Phòng trọ,,30.0,,,,,,,,2.0,Phố Phan Đình Giót,150000.0,small,under_1b
132361384,1,,30.0,30.0,,,4.0,4.0,5.0,1.0,2.0,Phố Quan Nhân,233333333.33333334,small,5_10b
132330665,1,,55.0,,,,,,,,,Đường Phúc Lợi,126363636.36363636,small,5_10b
132357295,3,,35.0,35.0,,,3.0,,4.0,1.0,,Phố Khương Trung,200000000.0,small,5_10b
132205747,5,,57.0,,,,3.0,2.0,,6.0,2.0,Phố Quỳnh Mai,58596491.22807018,small,3_5b
132365508,3,rent,60.0,,,,3.0,3.0,,,2.0,Đường Ngọc Thụy,233333.33333333334,medium,under_1b
132365510,3,rent,32.0,115.0,3.2,11.0,3.0,3.0,4.0,1.0,2.0,Ngõ Văn Chương,468750.0,small,under_1b
129326280,1,rent,30.0,,,,1.0,1.0,,6.0,2.0,136 Vũ Phạm Hàm,126666.66666666667,small,under_1b
132357327,3,sale,53.0,53.0,,,3.0,3.0,3.0,1.0,,Ngõ 2 xóm 3,97169811.32075472,small,5_10b
132369620,3,sale,50.0,50.0,4.0,,5.0,5.0,5.0,1.0,1.0,Ngũ Hiệp,157000000.0,small,5_10b
132320469,Phòng trọ,,40.0,,,,,,,,2.0,Phố Gia Quất,70000.0,small,under_1b
132371672,3,sale,35.0,,,,4.0,,,,,Đường Hồ Tùng Mậu,228571428.57142857,small,5_10b
132136167,3,,50.0,50.0,4.0,,3.0,4.0,5.0,1.0,2.0,lương khánh Thiện,160000000.0,small,5_10b
132365544,Phòng trọ,,20.0,,,,,,,,2.0,Số 9 ngõ 803 giải phóng,150000.0,very_small,under_1b
131986666,3,,30.0,35.0,5.0,6.0,1.0,1.0,1.0,1.0,,Đường Láng,116666.66666666667,small,under_1b
132367595,1,sale,70.0,,,,2.0,1.0,,6.0,2.0,Phố Nguyễn Phan Chánh,78571428.57142857,medium,5_10b
132361468,1,,86.0,,,,2.0,2.0,,,3.0,Nguyễn Đức Cảnh,62790697.674418606,medium,5_10b
131028221,3,,22.0,22.0,,,3.0,3.0,4.0,1.0,1.0,Đường Giáp Bát,311818181.8181818,very_small,5_10b
132336921,1,sale,68.0,,5.0,14.0,,,,1.0,,Đại Lộ Thăng Long,37647058.823529415,medium,1_3b
132371739,1,,45.0,,,,2.0,1.0,,,3.0,Tam Khương,44444444.44444445,small,1_3b
132336942,1,,91.0,91.0,7.0,13.0,4.0,3.0,4.0,1.0,,Ngõ Vườn Hồ 1,229670329.67032966,medium,over_10b
132056366,3,,40.0,,6.1999,,5.0,5.0,,1.0,1.0,Đường Tam Trinh,262500000.0,small,over_10b
130454834,3,sale,49.0,260.0,,,6.0,,5.0,1.0,,Đê La Thành,189795918.36734694,small,5_10b
132339004,3,,38.0,45.0,,,4.0,4.0,5.0,1.0,2.0,Phố Quan Nhân,210526315.78947368,small,5_10b
132236605,3,sale,71.9,288.0,4.6999,15.3,4.0,4.0,4.0,1.0,3.0,Phố Tây Sơn,326842837.27399164,medium,over_10b
132371777,1,,80.0,,,,2.0,2.0,,6.0,3.0,Nguyễn Đức Cảnh,66250000.0,medium,5_10b
130794817,3,sale,50.0,50.0,,,6.0,4.0,5.0,1.0,1.0,Phố Định Công Thượng,232000000.0,small,over_10b
131724609,Phòng trọ,rent,25.0,,,,,,,,2.0,Đường Hoàng Trình Thanh,120000.0,very_small,under_1b
132361542,3,,50.0,,,,,,,,,Ngõ 20 Trần Quý Kiên,520000.0,small,under_1b
132334918,1,,35.0,,,,4.0,3.0,5.0,1.0,1.0,Đường Tây Mỗ,171428571.42857143,small,5_10b
131577168,3,,15.0,18.0,,,3.0,4.0,5.0,1.0,2.0,Hoà bình 7,286666666.6666667,very_small,3_5b
132017491,1,sale,60.0,,5.0,12.0,,,,1.0,,Đường Quốc lộ 21,41666666.666666664,medium,1_3b
132363616,1,,55.0,,,,2.0,,,6.0,2.0,Đường Đại Cồ Việt,107272727.27272727,small,5_10b
132359525,3,,30.0,30.0,3.5,8.5,4.0,5.0,5.0,1.0,1.0,phố nam dư,250000000.0,small,5_10b
132349290,4,,260.0,,,,,,,,,Phố Mai Hắc Đế,153846.15384615384,large,under_1b
132322668,3,,66.0,,5.0,,3.0,,2.0,1.0,,điền xá,46969696.96969697,medium,3_5b
132365682,5,sale,60.0,,,,2.0,1.0,,6.0,1.0,Đường Phạm Văn Đồng,66333333.333333336,medium,3_5b
132361595,3,sale,38.0,87.0,3.7999,10.0,2.0,2.0,2.0,6.0,2.0,Phố An Dương,40789473.684210524,small,1_3b
130819462,3,sale,52.5,,,,3.0,3.0,3.0,,,Phố Bạch Mai,262857142.85714287,small,over_10b
132001167,3,sale,28.0,28.0,3.5,8.0,3.0,2.0,4.0,1.0,1.0,Minh Khai,230357142.85714287,very_small,5_10b
131964304,1,rent,48.0,,,,1.0,1.0,,6.0,2.0,Đại Mỗ,187500.0,small,under_1b
132363689,1,rent,91.0,,,,,,,1.0,3.0,Tố Hữu,659340.6593406594,medium,under_1b
132365739,1,sale,86.0,,,,2.0,2.0,,,,Phố Nguyễn Đức Cảnh,62790697.674418606,medium,5_10b
132197807,1,rent,82.0,,,,3.0,2.0,,6.0,3.0,Đại Mỗ,146341.46341463414,medium,under_1b
132365753,1,rent,80.0,,,,2.0,,,,2.0,Đường Ngọc Thụy,112500.0,medium,under_1b
131837373,Phòng trọ,rent,28.0,,,,,,,,2.0,Đường Lê Quang Đạo,121428.57142857143,very_small,under_1b
132363725,1,,68.0,250.0,4.0,15.0,4.0,,4.0,1.0,1.0,Đường Nguyễn Văn Linh,147058823.52941176,medium,over_10b
132302286,1,rent,54.0,,,,2.0,,,,,Đại Mỗ,111111.11111111111,small,under_1b
132365776,Phòng trọ,rent,20.0,,,,,,,,2.0,Ngõ 198 Xã Đàn,150000.0,very_small,under_1b
132365780,1,,65.0,,,,2.0,,,6.0,2.0,Đại Mỗ,73692307.6923077,medium,3_5b
132359644,3,,35.0,35.0,,,3.0,,,1.0,1.0,Trần Đại Nghĩa,2557142857.142857,small,over_10b
132365810,1,sale,70.0,,,,2.0,2.0,,6.0,2.0,Đường Tam Trinh,81142857.14285715,medium,5_10b
132099576,3,rent,20.0,40.0,3.0,7.0,1.0,1.0,2.0,5.0,2.0,Ngõ 1B Hoàng Hoa Thám,525000.0,very_small,under_1b
131554819,Phòng trọ,,20.0,,,,,,,,1.0,Phố Phú Đô,180000.0,very_small,under_1b
132347396,1,sale,146.0,,5.0,28.0,,,,1.0,,liên thôn,7610349.315068494,large,1_3b
132331030,1,sale,55.0,,,,,,,,,Đường Phúc Lợi,131818181.81818181,small,5_10b
129140251,3,,30.0,,,,3.0,,,1.0,,Phố Bạch Mai,211666666.66666666,small,5_10b
132363812,2,rent,35.0,,,,1.0,1.0,,4.0,2.0,Ngách 49 Ngõ 33 Phú Mỹ,162857.14285714287,small,under_1b
132234789,Phòng trọ,rent,40.0,,,,,,,,2.0,Ngõ 144 Quan Nhân,125000.0,small,under_1b
129996331,3,rent,37.0,111.0,,,3.0,3.0,3.0,,,Đường Bến,135135.13513513515,small,under_1b
132210220,2,,33.0,,,,1.0,,,,,Đường Lê Quang Đạo,142424.24242424243,small,under_1b
132097580,Phòng trọ,rent,18.0,,,,,,,,2.0,ngõ 199 hồ tùng mậu,166666.66666666666,very_small,under_1b
132361775,3,sale,60.0,,,,4.0,,,,,Đường Trần Phú,300000000.0,medium,over_10b
132363827,1,sale,115.0,,6.5,17.6,,,,,,Văn Sơn,14782608.695652174,large,1_3b
132367945,4,,160.0,,,,,,,1.0,,Phố Nguyễn Khuyến,281250.0,large,under_1b
130494030,3,sale,30.0,30.0,3.0,10.0,3.0,3.0,4.0,1.0,1.0,Phố Hoa Bằng,300000000.0,small,5_10b
132361812,2,,200.0,300.0,10.0,20.0,4.0,4.0,3.0,2.0,4.0,Kiến Hưng,105000000.0,large,over_10b
132367961,3,sale,33.0,,,,3.0,,,,,Sunrise Home Thanh Trì,187878787.87878788,small,5_10b
131626587,1,,61.5998,,,,2.0,,,5.0,2.0,"Cầu Bươu, Hà Đông, Hà Nội",51136529.66405735,medium,3_5b
131335771,4,sale,60.0,,,,10.0,,,,,Hoàng Hoa Thám,333333333.3333333,medium,over_10b
132367967,3,,40.0,240.0,,,4.0,,6.0,,,Phố Bùi Xương Trạch,197500000.0,small,5_10b
132367968,3,,50.0,,,,8.0,,,,,Phố Phú Thượng,256000000.0,small,over_10b
132290143,Phòng trọ,,60.0,,,,,,,,2.0,Đường Phúc Diễn,100000.0,medium,under_1b
132357732,3,rent,25.0,,,,,,,1.0,2.0,Đường Ngọc Lâm,140000.0,very_small,under_1b
132320869,1,,60.0,,,,2.0,1.0,,6.0,1.0,Phố Trung Kính,111333333.33333333,medium,5_10b
132331135,1,sale,51.2,,5.0,10.1998,,,,,,21B,66210937.5,small,3_5b
132359809,Phòng trọ,,17.0,,,,,,,,,Phố Minh Khai,105882.35294117648,very_small,under_1b
132368006,Phòng trọ,rent,25.0,,,,,,,,3.0,Đường Lạc Long Quân,96000.0,very_small,under_1b
132320902,3,,61.0,,,,4.0,,4.0,1.0,,Thái Hà,244262295.0819672,medium,over_10b
131536520,1,,32.0,36.0,,,5.0,5.0,5.0,1.0,3.0,Gốc Đề ,248437500.0,small,5_10b
132361895,Phòng trọ,rent,25.0,,,,,,,,,bờ sông,140000.0,very_small,under_1b
131583657,1,sale,43.0,,,,2.0,1.0,,6.0,2.0,Đại Mỗ,74418604.65116279,small,3_5b
132204202,Phòng trọ,,30.0,,,,,,,,1.0,Đường Lê Quang Đạo,123333.33333333333,small,under_1b
130451119,Phòng trọ,,25.0,,,,,,,,1.0,Đường Phan Văn Trị,160000.0,very_small,under_1b
132331192,1,sale,55.0,,,,2.0,1.0,,6.0,2.0,Đại Mỗ,81818181.81818181,small,3_5b
132359866,1,,100.0,1000.0,6.5,,11.0,7.0,9.0,1.0,1.0,Phố Trung Phụng,925000000.0,large,over_10b
132361926,Phòng trọ,rent,10.0,,,,,,,,3.0,Đường Yên Xá,150000.0,very_small,under_1b
131112655,3,,50.0,50.0,5.0,10.0,4.0,4.0,4.0,1.0,2.0,Đường Kim Giang,224000000.0,small,over_10b
132363988,3,rent,55.0,,,,4.0,,,,,Phố Trịnh Văn Bô,163636.36363636365,small,under_1b
131440340,3,rent,30.0,,,,3.0,2.0,3.0,1.0,3.0,Lê Duẩn,283333.3333333333,small,under_1b
132318942,1,rent,55.0,,,,2.0,,,,2.0,Đại Mỗ,190909.0909090909,small,under_1b
131753696,3,,30.0,30.0,5.0,,3.0,,5.0,1.0,2.0,Ngõ 254 Minh Khai,222000000.0,small,5_10b
132021992,1,,35.0,35.0,,,3.0,3.0,,1.0,,Ngọc Lâm ,258571428.57142857,small,5_10b
132355829,3,,31.0,,,,4.0,4.0,5.0,1.0,,Phố Hoàng Liên,169354838.70967743,small,5_10b
131829504,3,rent,50.0,,,,,,,1.0,,Phố Kim Đồng,100000.0,small,under_1b
132349696,1,,24.0,,,,1.0,1.0,,,,Ngõ 198 Lê Trọng Tấn,250000.0,very_small,under_1b
131247874,5,sale,43.0,,,,2.0,,,6.0,,Hồ Tùng Mậu,86046511.62790698,small,3_5b
130946825,1,sale,37.0,,,,,,,1.0,,Đường Cổ Linh,198648648.64864865,small,5_10b
132341515,1,,85.0,85.0,5.3,15.0,11.0,7.0,7.0,1.0,2.0,Lê Đức Thọ,235294117.6470588,medium,over_10b
127633164,4,rent,80.0,,,,,,,1.0,3.0,Nguyễn Khoái,187500.0,medium,under_1b
131360525,3,,46.0,,,,4.0,5.0,4.0,1.0,,Phố Định Công,280434782.6086956,small,over_10b
132364052,1,sale,75.0,,5.0,15.0,,,,1.0,,Đường Cự Khối,250666666.66666666,medium,over_10b
131790612,3,sale,39.0,,,,5.0,4.0,,1.0,1.0,Phố Khương Trung,202564102.56410256,small,5_10b
132296472,3,sale,41.0,50.0,4.0998,10.0,3.0,,2.0,,3.0,Đường Lê Quang Đạo,64634146.34146342,small,1_3b
132345633,1,,25.0,65.0,5.0,5.0,3.0,1.0,3.0,,,Đường Nguyễn Văn Cừ,140000000.0,very_small,3_5b
132355874,1,,100.0,,6.0,16.6,,,,1.0,,Cổ Đông,26860000.0,large,1_3b
132323128,3,sale,70.0,,5.0,14.0,2.0,1.0,15.0,5.0,,Đường Tả Thanh Oai,36428571.428571425,medium,1_3b
132362040,3,,39.0,,,,4.0,,5.0,1.0,1.0,Phố An Trạch,175641025.64102563,small,5_10b
132359997,Phòng trọ,,16.0,,,,,,,,,Phố Tôn Thất Tùng,125000.0,very_small,under_1b
132362048,1,sale,68.0,,,,2.0,1.0,,6.0,3.0,Thái Thịnh,99705882.35294117,medium,5_10b
132333376,3,sale,30.0,150.0,6.0,5.0,4.0,5.0,5.0,1.0,3.0,Đường Lê Trọng Tấn,265000000.0,small,5_10b
130662219,1,sale,35.0,35.0,4.0,8.5,3.0,4.0,5.0,,,Phố Tân Mai,254285714.2857143,small,5_10b
131161945,3,sale,30.0,,,,3.0,,6.0,1.0,,Phố Ngọc Lâm,310000000.0,small,5_10b
131532650,3,,12.0,16.0,,,3.0,2.0,5.0,1.0,2.0,Phố Bùi Ngọc Dương,341666666.6666667,very_small,3_5b
132362095,3,rent,95.0,,,,4.0,4.0,3.0,1.0,2.0,Phố Bồ Đề,210526.31578947368,medium,under_1b
132362104,1,,50.0,,0.0,0.0,,,,1.0,, Võ Văn Kiệt,84000000.0,small,3_5b
130946937,1,sale,50.0,,,,,,,1.0,,Đường Cổ Linh,172000000.0,small,5_10b
131436409,4,rent,220.0,,,,,,,,,Hoàng Quốc Việt,168181.81818181818,large,under_1b
131725179,3,sale,75.0,,,,,,,1.0,2.0,Khu đô thị mới Vạn Phúc,322666666.6666667,medium,over_10b
132362108,2,,79.5,273.3999,5.0998,15.88,5.0,5.0,5.0,1.0,4.0,Đường tỉnh 422,240546626.27672955,medium,over_10b
131248006,3,sale,38.0,,,,4.0,,4.0,1.0,,Định Công Thượng,235526315.78947368,small,5_10b
132024199,Phòng trọ,,18.0,,,,,,,,2.0,Phố Trịnh Văn Bô,155555.55555555556,very_small,under_1b
132323220,2,sale,56.0,,10.0,10.0,,,,1.0,,Đường Hữu Nghị,17857142.85714286,small,1_3b
132331423,1,sale,55.0,,4.0998,13.3999,,,,1.0,,Hữu Nghị Phường Tùng Thiện,27272727.272727273,small,1_3b
132356015,3,sale,27.0,27.0,5.0,,3.0,4.0,5.0,1.0,2.0,Phố Chùa Bộc,305555555.5555556,very_small,5_10b
132319153,3,sale,61.0,61.0,,,5.0,,4.0,1.0,,Trương ĐỊnh,162295081.96721312,medium,5_10b
132325298,3,,42.0,42.0,,,5.0,6.0,6.0,,1.0,ĐẠI LA,1190476.1904761905,small,under_1b
131792819,3,sale,47.0,,,,4.0,,,1.0,2.0,Đường Cổ Linh,261702127.65957448,small,over_10b
131870642,1,sale,67.0,,,,2.0,1.0,,6.0,3.0,Hoàng Văn Thái,92537313.43283582,medium,5_10b
132356022,3,sale,33.0,39.0,,,3.0,4.0,5.0,1.0,3.0,Khâm Thiên,330303030.3030303,small,over_10b
132362169,2,sale,36.0,,,,1.0,1.0,,5.0,1.0,Phố Cự Lộc,46666666.666666664,small,1_3b
132358077,Phòng trọ,rent,65.0,,,,,,,,,Đường Ngô Quyền,64615.38461538462,medium,under_1b
131364803,3,,33.0,,,,3.0,,7.0,1.0,,Đường Ngọc Thụy,290909090.90909094,small,5_10b
100433859,2,,35.0,,,,1.0,1.0,,6.0,2.0,Đường Hạ Yên,185714.2857142857,small,under_1b
131456967,1,sale,90.0,,,,,,,1.0,4.0,Vinhomes đặng xá gia Lâm ,294444444.4444444,medium,over_10b
131035111,1,,34.7999,,3.5,10.0,,,,1.0,,Ngõ Cống Đá,93391072.96285334,small,3_5b
132362227,Phòng trọ,rent,40.0,,,,,,,,2.0,dương quảng hàm,87500.0,small,under_1b
132349941,3,rent,200.0,,,,,,,,,Phố Láng Hạ,200000.0,large,under_1b
132122620,4,,186.0,,,,,,,,,Phố Trần Thái Tông,188172.04301075268,large,under_1b
132371799,1,,80.0,,,,2.0,2.0,,6.0,3.0,Nguyễn Đức Cảnh,66250000.0,medium,5_10b
132371863,4,rent,80.0,,,,,,,,,Bắc Sơn,150000.0,medium,under_1b
132241233,2,sale,35.0,,,,1.0,1.0,,5.0,2.0,Phố Đội Cấn,51142857.14285714,small,1_3b
132784129,4,,105.0,400.0,9.0,,6.0,5.0,4.0,1.0,2.0,Đường Tam Trinh,342857142.85714287,large,over_10b
132321281,1,sale,85.0,,5.0,17.0,,,,1.0,,Núi Đôi,32352941.17647059,medium,1_3b
132765705,1,sale,32.0,,,,4.0,,,,,Phố Đông Tác,296875000.0,small,5_10b
132786186,1,,52.0,,,,2.0,2.0,,6.0,2.0,Đường Võ Chí Công,29807692.307692308,small,1_3b
132786189,4,sale,36.0,,,,,,,,,Ngõ 95 Phố Thúy Lĩnh,22222222.222222224,small,under_1b
132784142,2,,30.0,,,,1.0,,,4.0,2.0,Đường Cầu Diễn,131666.66666666666,small,under_1b
132790288,4,rent,180.0,,,,,,,,,Đường Phan Bá Vành,122222.22222222222,large,under_1b
132788248,1,,53.2,,3.7999,14.0,,,,1.0,,Đường Đê Xuân Quan - Long Biên,225563909.7744361,small,over_10b
132753436,4,rent,130.0,,,,,,,,3.0,460 Khương đình Thanh Xuân Hà Nội ,384615.3846153846,large,under_1b
132782110,1,rent,72.0,,,,2.0,2.0,,6.0,2.0,Lương Thế Vinh,180555.55555555556,medium,under_1b
132778015,4,,55.0,,,,,,,1.0,1.0,Liên Xã,187272727.27272728,small,over_10b
132753442,3,sale,40.0,,,,11.0,,,1.0,,360 Xã Đàn,174500000.0,small,5_10b
132741164,1,sale,87.3,87.3,,,4.0,2.0,3.0,1.0,2.0,Hoàng Đạo Thành,122565864.83390607,medium,over_10b
131733556,3,rent,24.0,24.0,3.0,7.0,1.0,,,1.0,3.0,75,104166.66666666667,very_small,under_1b
132784181,1,,46.0,,,,2.0,,,,,Linh Đường,41304347.82608695,small,1_3b
132606004,1,sale,55.0,,,,2.0,2.0,,6.0,1.0,Đại Mỗ,72727272.72727273,small,3_5b
132790345,3,rent,32.0,,,,3.0,3.0,,,,Đường Thụy Khuê,281250.0,small,under_1b
132780114,1,,52.0,,4.0,,,,,1.0,,Quốc Lộ 32,125961538.46153846,small,5_10b
132175959,2,rent,35.0,,,,1.0,1.0,,,,Phố Ô Đồng Lầm,128571.42857142857,small,under_1b
132733025,3,,120.0,,,,,,,1.0,3.0,Phạm Hùng,666666.6666666666,large,under_1b
132767842,3,rent,64.0,,,,,,,1.0,3.0,Đường Hoàng Quốc Việt,625000.0,medium,under_1b
131678310,2,rent,165.0,,,,6.0,4.0,,,,Lạc long Quân,303030.30303030304,large,under_1b
126525554,2,,25.0,,,,1.0,1.0,,5.0,,Đường Võ Chí Công,142000.0,very_small,under_1b
132786293,3,rent,35.0,,,,3.0,4.0,,1.0,2.0,Phố Phúc Thành,157142.85714285713,small,under_1b
132778106,1,,60.5,,,,2.0,1.0,,6.0,,Đặng Xá,46776859.50413223,medium,1_3b
132745339,4,rent,60.0,,,,,,,1.0,3.0,Đường Lô 2 Đền Lừ 2,366666.6666666667,medium,under_1b
132470908,1,sale,70.0,,,,2.0,,,6.0,2.0,Trung Kính,114285714.28571428,medium,5_10b
132649085,Phòng trọ,rent,27.0,,,,,,,,2.0,Trần Điền,170370.37037037036,very_small,under_1b
132786304,1,,50.0,,,,2.0,2.0,,6.0,2.0,Phố Thượng Đình,29600000.0,small,1_3b
130855049,Phòng trọ,,12.0,,,,,,,,,Phố Trần Quang Diệu,116666.66666666667,very_small,under_1b
132460686,3,rent,42.0,,,,4.0,4.0,5.0,,,Đường Lạc Long Quân,357142.85714285716,small,under_1b
131012765,3,,40.0,,,,,,,1.0,2.0,Phố chùa Láng,287500.0,small,under_1b
131373215,2,sale,52.0,,,,2.0,1.0,,5.0,1.0,Thiên Hiền,42692307.692307696,small,1_3b
125626531,1,sale,40.0,,5.0,8.0,,,,1.0,,Liên Ninh,62500000.0,small,1_3b
130855086,Phòng trọ,,12.0,,,,,,,,,Phố Thái Hà,116666.66666666667,very_small,under_1b
132780207,3,,60.0,60.0,4.0,15.0,6.0,5.0,5.0,1.0,2.0,Đường An Dương Vương,266666666.66666666,medium,over_10b
132784311,3,rent,100.0,,,,4.0,3.0,4.0,1.0,2.0,Ngõ 89 Lạc Long Quân,210000.0,large,under_1b
125788347,2,sale,30.0,,,,2.0,1.0,,6.0,1.0,Ngõ 304 Đường Lê Duẩn,31666666.666666668,small,under_1b
131524797,3,,17.0,,,,3.0,,,1.0,,Đê la Thành,176470588.2352941,very_small,3_5b
130855108,Phòng trọ,,12.0,,,,,,,,,Phố Ô Chợ Dừa,116666.66666666667,very_small,under_1b
132790470,1,rent,124.0,,,,2.0,2.0,,6.0,2.0,Lê Đức Thọ,112903.2258064516,large,under_1b
132473049,3,sale,30.0,30.0,,,3.0,4.0,5.0,1.0,1.0,Ngõ 104 Nguyễn An NInh,265000000.0,small,5_10b
132757724,4,sale,120.0,,,,6.0,5.0,,,,422,149166666.66666666,large,over_10b
132274395,5,sale,25.0,,,,1.0,1.0,,5.0,2.0,Quỳnh Mai,44000000.0,very_small,1_3b
132784353,Phòng trọ,,110.0,,,,,,,,,Đường Khuất Duy Tiến,18181.81818181818,large,under_1b
131492067,1,,100.0,,6.0,16.6,,,,1.0,,ĐƯỜNG PHÙ CÁT,29000000.0,large,1_3b
132698341,1,,81.0,,10.0,8.0,,,,1.0,,Võ Nguyên Giáp,61111111.11111111,medium,3_5b
132712684,Phòng trọ,rent,35.0,,,,,,,,1.0,Đường Trường Chinh,171428.57142857142,small,under_1b
131901682,1,sale,55.0,,,,2.0,1.0,,6.0,3.0,Đại Mỗ,71818181.81818181,small,3_5b
131041525,Phòng trọ,,28.0,,,,,,,,2.0,Phố Thành Công,92857.14285714286,very_small,under_1b
132217083,1,rent,55.0,200.0,,,6.0,,4.0,,,Phố Nguyễn Cảnh Dị,400000.0,small,under_1b
132780283,1,sale,97.0,,,,3.0,2.0,,6.0,,Đường Trần Phú,67010309.27835052,medium,5_10b
132714749,3,,45.0,,3.7,,4.0,,4.0,1.0,2.0,Phố Nguyễn Viết Xuân,264444444.44444445,small,over_10b
132509958,1,,70.0,,,,8.0,,,,,Đường Nguyễn Khang,600000.0,medium,under_1b
132780300,3,rent,110.0,,,,,,,,,Phố Nguyên Hồng,118181.81818181818,large,under_1b
132591892,3,rent,100.0,,,,,,,1.0,3.0,Đường Yên Phụ,80000.0,large,under_1b
132790558,1,,30.0,,,,1.0,,,6.0,2.0,Tố Hữu,140000.0,small,under_1b
132692265,Phòng trọ,rent,18.0,,,,,,,,2.0,Đường Văn Cao,250000.0,very_small,under_1b
130375985,1,rent,50.0,,,,2.0,1.0,,6.0,,Yên Viên,120000.0,small,under_1b
132788530,Phòng trọ,,35.0,,,,,,,,2.0,Cầu Khương Đình,131428.57142857142,small,under_1b
131871026,Phòng trọ,,25.0,,,,,,,,1.0,Ngõ 325 Kim Ngưu,220000.0,very_small,under_1b
132763955,1,rent,87.0,,,,3.0,2.0,,6.0,1.0,Sài Đồng,149425.28735632185,medium,under_1b
132714801,1,,65.0,,6.0,,,,,1.0,,Ngũ Hiệp,147692307.69230768,medium,5_10b
132782392,Phòng trọ,rent,35.0,,,,,,,,2.0,530 Thụy Khuê,157142.85714285713,small,under_1b
132763963,1,,55.0,55.0,4.0,13.0,4.0,5.0,6.0,1.0,3.0,Đường An Dương Vương,307272727.27272725,small,over_10b
132784445,2,sale,50.0,,,,2.0,,,2.0,1.0,Phố Hào Nam,19000000.0,small,under_1b
132778297,4,sale,160.0,500.0,8.0,20.0,6.0,6.0,5.0,1.0,4.0,Tiền Phong,85000000.0,large,over_10b
131993946,Phòng trọ,,16.0,,,,,,,,2.0,20 trương định,125000.0,very_small,under_1b
132786531,1,sale,30.0,30.0,,,6.0,,6.0,1.0,1.0,Ngõ Huyện,783333333.3333334,small,over_10b
132522346,3,sale,50.0,50.0,5.0,10.0,4.0,4.0,6.0,1.0,,Đường Nguyễn Văn Cừ,330000000.0,small,over_10b
125446517,Phòng trọ,rent,24.0,,,,,,,,2.0,Phố Giáp Nhị,145833.33333333334,very_small,under_1b
132759926,1,,95.5,,,,3.0,1.0,,,2.0,Đường Vũ Trọng Phụng,125654.4502617801,medium,under_1b
132790651,Phòng trọ,rent,22.0,,,,,,,,2.0,Đường Trần Duy Hưng,127272.72727272728,very_small,under_1b
132786575,3,rent,50.0,50.0,6.0,9.0,2.0,1.0,1.0,,,chợ tự khoát,66000.0,small,under_1b
132182419,1,sale,60.0,,7.0,8.5,,,,1.0,,Đường Phú Diễn,196666666.66666666,medium,over_10b
132747666,2,rent,40.0,,,,1.0,1.0,,,1.0,Đường Hoàng Hoa Thám,175000.0,small,under_1b
132788641,Phòng trọ,rent,25.0,,,,,,,,2.0,Ngõ 446 Đường Cổ Nhuế,156000.0,very_small,under_1b
132684201,1,,168.0,,12.0,14.0,,,,1.0,,Phố Ngũ Xã,482142857.14285713,large,over_10b
132784554,1,,70.0,,,,2.0,2.0,,6.0,1.0,Đường Xuân Thủy,121428571.42857143,medium,5_10b
131733934,Phòng trọ,,20.0,,,,,,,,2.0,Đường Võ Chí Công,177500.0,very_small,under_1b
132352432,3,sale,40.0,,,,6.0,,,,,Đường Trung Văn,300000000.0,small,over_10b
132782518,2,rent,22.0,,,,1.0,,,6.0,2.0,Phố Chính Kinh,136363.63636363635,very_small,under_1b
132198839,3,,33.0,33.0,,,3.0,,5.0,1.0,3.0,Phố Phương Mai,242424242.42424244,small,5_10b
130566584,2,sale,45.0,,,,2.0,1.0,,6.0,2.0,Đường Nguyễn Khánh Toàn,21111111.111111112,small,under_1b
130091451,3,,42.2,42.2,3.0,14.7398,3.0,3.0,5.0,1.0,3.0,Đường Liên Mạc,151658767.77251184,small,5_10b
132786623,3,rent,30.0,50.0,,,1.0,1.0,2.0,1.0,2.0,Đường Hoàng Quốc Việt,233333.33333333334,small,under_1b
132784577,2,sale,52.0,,,,2.0,,,2.0,,Đường Trần Khát Chân,17307692.307692308,small,under_1b
132714946,1,sale,70.0,,4.1999,,,,,1.0,,Đường Đông Mỹ,71428571.42857143,medium,5_10b
132757961,Phòng trọ,rent,32.0,,,,,,,,2.0,Đường Cầu Giấy,150000.0,small,under_1b
132164042,3,,25.0,,,,,,,1.0,2.0,Chùa Bộc,372000.0,very_small,under_1b
132669910,1,sale,137.0,,,,3.0,2.0,,6.0,1.0,Đạm Phương,67883211.67883211,large,5_10b
132182488,3,,34.0,34.0,5.0,7.0,3.0,,3.0,4.0,3.0,Đường Phú Diễn,123529411.76470588,small,3_5b
132743642,1,sale,57.0,,,,2.0,1.0,,,,Phố Trịnh Văn Bô,78947368.42105263,small,3_5b
122851803,2,,28.0,,,,1.0,1.0,,6.0,2.0,Đường Ngọc Thụy,107142.85714285714,very_small,under_1b
131559903,2,,25.0,,,,1.0,1.0,,,,Đường Nguyễn Khoái,144000.0,very_small,under_1b
132743650,1,sale,80.0,,5.0,16.0,,,,1.0,,Ngã tư Xuân Mai,21000000.0,medium,1_3b
132788708,1,,50.0,,,,5.0,6.0,6.0,1.0,1.0,Đường Lê Trọng Tấn,268000000.0,small,over_10b
132764152,Phòng trọ,rent,15.0,,,,,,,,2.0,Đường Giải Phóng,160000.0,very_small,under_1b
132241915,1,,78.0,,,,8.0,,,,,Đường Lâm Hạ,298717948.71794873,medium,over_10b
132745724,3,,35.0,,5.0,,3.0,4.0,5.0,,2.0,Phố Kim Ngưu,300000000.0,small,over_10b
132784647,1,,60.0,,,,2.0,2.0,,6.0,1.0,Phố Vĩnh Hưng,81666666.66666667,medium,3_5b
132520459,1,sale,75.0,,,,2.0,2.0,,6.0,2.0,Phố Đại Từ,66666666.666666664,medium,5_10b
132172302,1,sale,96.0,,,,3.0,2.0,,6.0,1.0,Phạm Văn Bạch,95833333.33333333,medium,5_10b
126800399,Phòng trọ,rent,12.0,,,,,,,,,Phố Trần Quang Diệu,141666.66666666666,very_small,under_1b
131967504,2,rent,25.0,,,,1.0,1.0,,4.0,2.0,Đường Thụy Khuê,160000.0,very_small,under_1b
132733456,1,,78.0,,,,3.0,2.0,,6.0,3.0,Trần Hòa,76666666.66666667,medium,5_10b
132784669,3,rent,50.0,,,,,,,1.0,,Phố Xã Đàn,160000.0,small,under_1b
132784683,1,sale,87.0,,,,2.0,,,,,Phố Nguyễn Đức Cảnh,69540229.88505746,medium,5_10b
132760112,Phòng trọ,rent,20.0,,,,,,,,2.0,Thiên Hiền,150000.0,very_small,under_1b
131549751,1,rent,40.0,,,,2.0,2.0,4.0,,,Phố Yên Lãng,800000.0,small,under_1b
132383291,3,,30.0,,,,3.0,,,,,Đường Cổ Linh,433333.3333333333,small,under_1b
131166782,3,rent,25.0,,,,3.0,,,,,Trung Phung,480000.0,very_small,under_1b
132264518,1,,75.0,525.0,4.0,,8.0,7.0,7.0,1.0,,Phố Thįnh Liệt,366666666.6666667,medium,over_10b
132790857,1,rent,30.0,,,,1.0,,,,,Đường Thạch Bàn,233333.33333333334,small,under_1b
132731468,1,,462.0,,18.0,25.6,,,,1.0,,Đường Ngọc Thụy,443722943.7229437,very_large,over_10b
131695187,1,sale,55.0,,,,2.0,1.0,,6.0,2.0,Yên Viên,61818181.81818182,small,3_5b
132477539,3,rent,115.0,,,,,,,,,Ngõ 61 Trần Quang Diệu,156521.73913043478,large,under_1b
132455015,1,,52.0,,,,2.0,2.0,,6.0,2.0,Đường Nguyễn Khánh Toàn,34615384.615384616,small,1_3b
132782698,1,rent,83.0,,,,3.0,2.0,,6.0,2.0,Đường Lê Đức Thọ,144578.31325301205,medium,under_1b
132780651,1,sale,64.0,,,,2.0,2.0,,6.0,2.0,Đại Mỗ,75000000.0,medium,3_5b
132786796,4,rent,60.0,,,,,,,,3.0,Phố Thįnh Liệt,583333.3333333334,medium,under_1b
132491898,Phòng trọ,rent,25.0,,,,,,,,3.0,Trần Quốc Hoàn,100000.0,very_small,under_1b
131209858,3,rent,60.0,,,,7.0,5.0,,,,Ngõ 1V Trần Quang Diệu,416666.6666666667,medium,under_1b
132782724,Phòng trọ,,15.0,,,,,,,,3.0,Đường Mỹ Đình,113333.33333333333,very_small,under_1b
132780677,Phòng trọ,rent,30.0,,,,,,,,2.0,Phố Mậu Lương,100000.0,small,under_1b
132786822,2,rent,55.0,,,,2.0,1.0,,6.0,2.0,Phố Giáp Nhất,127272.72727272728,small,under_1b
132440727,1,sale,99.0,,,,8.0,,,,,Phố Mai Anh Tuấn,808080808.080808,medium,over_10b
132778649,3,rent,40.0,,,,,,,,,Đường Võ Chí Công,162500.0,small,under_1b
132008607,2,,25.0,,,,1.0,1.0,,4.0,2.0,Văn Tiến Dũng,202000.0,very_small,under_1b
132790953,Phòng trọ,rent,40.0,,,,,,,,2.0,Phố Tô Hiệu,87500.0,small,under_1b
132395695,3,,15.0,,,,,,,,2.0,Phố chùa láng ,300000.0,very_small,under_1b
132373175,3,,32.0,32.0,,,4.0,4.0,5.0,1.0,,Ngõ 222 Đường Lai Xá,193750000.0,small,5_10b
132670135,3,rent,35.0,35.0,,,3.0,4.0,5.0,,,Thanh Lân,271428.5714285714,small,under_1b
132786877,Phòng trọ,rent,50.0,,,,,,,,1.0,Ngõ 214 Đội Cấn,100000.0,small,under_1b
132790975,1,rent,80.0,,,,4.0,,,,,Đường Cổ Linh,125000.0,medium,under_1b
132078276,Phòng trọ,,25.0,,,,,,,,2.0,Phố Văn Trì,88000.0,very_small,under_1b
131492550,1,,124.0,,6.0,20.6,,,,1.0,,ĐƯỜNG BÌNH YÊN,25161290.322580647,large,3_5b
132750031,1,,74.0,,,,3.0,,,,,Đường Vành Đai 2.5,65675675.675675675,medium,3_5b
132616911,Phòng trọ,rent,100.0,,,,,,,,2.0,Phố Tân Mai,17000.0,large,under_1b
132786903,3,,22.0,22.0,3.5,,1.0,1.0,1.0,1.0,4.0,Phố Lý Nam Đế,363636363.6363636,very_small,5_10b
132784855,Phòng trọ,,40.0,,,,,,,,,Phố Vũ Ngọc Phan,75000.0,small,under_1b
132784863,1,sale,115.0,,,,3.0,,,6.0,1.0,Trung Yên 11,104347826.08695652,large,over_10b
132780778,1,rent,80.0,,,,2.0,2.0,,4.0,2.0,Yên Viên,93750.0,medium,under_1b
132786937,1,,72.0,,,,2.0,2.0,,6.0,1.0,Phố Nguyễn Văn Trác,60944444.44444445,medium,3_5b
132786951,3,sale,35.0,150.0,,,3.0,3.0,4.0,1.0,2.0,liên thôn,101428571.42857143,small,3_5b
132784903,1,,103.0,,,,3.0,,,6.0,1.0,Lê Văn Lương,60000000.0,large,5_10b
131891978,3,sale,40.0,45.0,,,5.0,4.0,5.0,1.0,1.0,Đường Tô Hiệu,265000000.0,small,over_10b
132743948,4,rent,100.0,,,,,,,,,Đường Hoàng Quốc Việt,390000.0,large,under_1b
130665230,1,rent,40.0,,,,2.0,,,,,Yên Viên,150000.0,small,under_1b
132786959,3,rent,150.0,,,,,,,,,Đường Phạm Hùng,493333.3333333333,large,under_1b
132756248,1,sale,64.0,64.0,5.0999,12.8,6.0,6.0,7.0,1.0,3.0,đặng văn ngữ,601562500.0,medium,over_10b
132784922,1,,52.0,,,,2.0,2.0,,6.0,2.0,Phố Đội Cấn,34615384.615384616,small,1_3b
132764446,4,,60.0,60.0,4.0,12.0,5.0,6.0,6.0,1.0,1.0,Đường Hoàng Quốc Việt,416666666.6666667,medium,over_10b
132780857,Phòng trọ,rent,25.0,,,,,,,,2.0,Ngõ 164 Vương Thừa Vũ,212000.0,very_small,under_1b
132791101,1,sale,30.0,,,,2.0,,,,,Phố Nguyễn Lương Bằng,350000000.0,small,over_10b
132524867,1,sale,68.0,68.0,5.0,13.5,4.0,5.0,7.0,1.0,,Phố Tư Đình,345588235.2941176,medium,over_10b
132784964,2,rent,45.0,,,,1.0,1.0,,,,Vĩnh Tuy,100000.0,small,under_1b
132780868,4,,60.0,,,,,,,,,Đường 301 Thôn Do Hạ,125000.0,medium,under_1b
132588357,3,,91.0,91.0,7.0,13.0,4.0,3.0,4.0,1.0,1.0,Đường Bát Khối,218681318.68131867,medium,over_10b
132787029,3,,41.0,165.0,4.8,,5.0,4.0,4.0,1.0,2.0,Đường Trường Chinh,292682926.8292683,small,over_10b
132778838,1,,60.0,,,,2.0,1.0,,6.0,2.0,Yên Viên,54166666.666666664,medium,3_5b
132789081,1,sale,55.0,,,,2.0,1.0,,6.0,2.0,Đại Mỗ,72727272.72727273,small,3_5b
130894682,3,,35.0,,,,,,,,,Đường Nguyễn Ngọc Vũ,142857.14285714287,small,under_1b
132193119,2,rent,40.0,,,,1.0,1.0,,,,Đường Đê La Thành,200000.0,small,under_1b
130614114,1,sale,32.0,,4.0,,,,,1.0,,Đường Đại Mỗ,165312500.0,small,5_10b
132721508,3,sale,70.0,,,,6.0,5.0,,1.0,,Hoàng Mai ,192857142.85714287,medium,over_10b
132748137,Phòng trọ,,20.0,,,,,,,,2.0,Ngõ Ngô Sĩ Liên,95000.0,very_small,under_1b
132135786,1,sale,64.0,,,,3.0,3.0,,1.0,,Phố Phù Đổng Thiên Vương,984375000.0,medium,over_10b
132787053,1,,59.0,,,,2.0,,,,,Phùng Hưng,207154615.6440678,small,over_10b
132780912,3,,70.0,,,,11.0,7.0,6.0,1.0,,Nhổn,235714285.7142857,medium,over_10b
132746103,3,,50.0,50.0,,,4.0,,8.0,1.0,1.0,Đường Nguyễn Văn Huyên,330000000.0,small,over_10b
132778872,1,sale,66.0,,,,,,,,,Lê Trọng Tấn,450000000.0,medium,over_10b
132785024,3,,40.0,160.0,4.0,10.0,4.0,,4.0,1.0,2.0, Kim Hoàng,167500000.0,small,5_10b
132707211,1,,90.0,,,,2.0,1.0,,,,Ngách 445/10 Lạc Long Quân,133333.33333333334,medium,under_1b
132789139,1,sale,62.0,,,,2.0,2.0,,6.0,,Đại Mỗ,74193548.38709678,medium,3_5b
132737942,3,sale,30.0,,,,3.0,4.0,,,,Đường Bát Khối,240000000.0,small,5_10b
132742050,Phòng trọ,,25.0,,,,,,,,2.0,ngõ 259,140000.0,very_small,under_1b
132735914,3,rent,60.0,,,,,,,,,Phố Dương Khuê,200000.0,medium,under_1b
132764590,1,,82.0,,6.0,14.0,,,,1.0,,Ngã tư Xuân Mai,18048780.48780488,medium,1_3b
128918453,2,,25.0,,,,1.0,1.0,,5.0,,Lạc Long Quân,190000.0,very_small,under_1b
132787127,3,rent,120.0,,,,,,,,,Ngõ 14 Phố Pháo Đài Láng,125000.0,large,under_1b
132656057,3,sale,33.0,33.0,,,3.0,,5.0,1.0,1.0,Phan Đình Giót,241212121.21212122,small,5_10b
132787130,3,sale,32.0,150.0,,,3.0,4.0,5.0,1.0,3.0,phượng nghĩa,112500000.0,small,3_5b
132791228,1,,80.0,,,,3.0,,,,,Đường Cổ Linh,125000.0,medium,under_1b
132789184,1,sale,60.0,,4.8,,4.0,3.0,4.0,1.0,,Phố Nguyễn Cao,375000000.0,medium,over_10b
132787138,1,,30.0,150.0,3.5,,4.0,4.0,5.0,1.0,1.0,Phố Nguyễn Văn Tuyết,650000000.0,small,over_10b
132785101,3,,40.0,120.0,4.0,10.0,4.0,,3.0,1.0,,Kim Hoàng,147500000.0,small,5_10b
132277201,Phòng trọ,rent,38.0,,,,,,,,2.0,Đường Mễ Trì,105263.15789473684,small,under_1b
132514774,1,,56.0,,,,2.0,1.0,,,2.0,Hoàng Liệt,42857142.85714286,small,1_3b
130943961,3,rent,45.0,45.0,,,8.0,7.0,5.0,1.0,2.0,Phố Minh Khai,206666666.66666666,small,5_10b
132746209,Phòng trọ,,12.0,,,,,,,,2.0,Đường Lê Quang Đạo,166666.66666666666,very_small,under_1b
131242978,1,sale,97.0,,,,3.0,,,6.0,1.0,Mễ Trì,92783505.15463917,medium,5_10b
131578857,3,sale,42.0,42.0,,,5.0,4.0,5.0,1.0,1.0,Phố Hoàng Ngân,183333333.33333334,small,5_10b
132787183,1,sale,150.0,,5.0,30.0,,,,,,Ngõ 4,19000000.0,large,1_3b
132789233,3,,32.0,,,,3.0,,,,,Đường Nguyễn Văn Cừ,375000.0,small,under_1b
132787192,1,,140.0,,,,8.0,,6.0,,1.0,Nguyễn Văn Ngọc,514285714.28571427,large,over_10b
132783096,3,rent,80.0,,,,,,,,,Phạm Tuấn Tài,200000.0,medium,under_1b
132705274,1,sale,54.0,54.0,5.1999,10.1999,4.0,6.0,7.0,1.0,1.0,Cầu vượt Nguyễn Văn Cừ – Hồng Tiến,481481481.4814815,small,over_10b
132783102,1,,80.4,,5.0,16.2199,,,,1.0,,Quốc Lộ 6,20970149.25373134,medium,1_3b
132776952,1,,90.0,,6.0,15.0,,,,1.0,,Đường quốc lộ 21 ,21111111.111111112,medium,1_3b
131623936,3,,40.0,40.0,,,3.0,4.0,5.0,1.0,2.0,Phố Lương Khánh Thiện,222500000.0,small,5_10b
132781067,Phòng trọ,,25.0,,,,,,,,2.0,Ngõ 58 Phố Trần Bình,120000.0,very_small,under_1b
132645902,2,,35.0,,,,1.0,1.0,,4.0,2.0,Phố Doãn Kế Thiện,147142.85714285713,small,under_1b
132736017,3,rent,40.0,40.0,5.0,8.0,2.0,2.0,3.0,,,Đường Giải Phóng,200000.0,small,under_1b
132381714,1,,58.0,,,,2.0,2.0,,6.0,1.0,Hoàng Liệt,81034482.7586207,small,3_5b
132787227,3,rent,18.0,,,,,,,,,lò đúc,205555.55555555556,very_small,under_1b
125613086,3,sale,50.0,75.0,4.0,12.5,2.0,1.0,,2.0,3.0,Thôn 9,29000000.0,small,1_3b
132721704,3,,60.0,60.0,5.0,10.0,4.0,,4.0,1.0,2.0,Phố Lạc Trung,186666666.66666666,medium,over_10b
131914798,3,rent,40.0,40.0,4.0,9.0,1.0,1.0,,1.0,2.0,Đường Xuân Đỉnh,87500.0,small,under_1b
132416559,2,,20.0,,,,1.0,1.0,,,,Phố Yên Hòa,150000.0,very_small,under_1b
132031538,1,sale,88.0,,6.0,16.6599,,,,1.0,,"Xã Hạnh Côn, Xuân Mai, Chương Mỹ",20545454.545454547,medium,1_3b
130327604,1,,50.0,,,,2.0,1.0,,5.0,2.0,Ngõ 135 Đội Cấn,40000000.0,small,1_3b
130235446,1,,38.0,,,,1.0,1.0,,6.0,2.0,Cầu DIễn,40263157.89473684,small,1_3b
132594745,2,sale,70.0,,,,11.0,7.0,,6.0,2.0,Đường Hoàng Quốc Việt,278571428.5714286,medium,over_10b
132785210,1,sale,105.0,,,,3.0,,,6.0,1.0,Lê Văn Lương,114285714.28571428,large,over_10b
132736059,1,sale,108.0,756.0,4.5,24.0,11.0,7.0,7.0,1.0,2.0,Ngõ Chợ Khâm Thiên,390740740.7407407,large,over_10b
132791357,1,,35.0,38.0,5.5,7.0,2.0,2.0,2.0,1.0,4.0,Vành Đai 1 ,828571428.5714285,small,over_10b
132779069,3,rent,60.0,,,,,,,,,Phố Nguyễn Hoàng,183333.33333333334,medium,under_1b
132725825,Phòng trọ,rent,30.0,,,,,,,,,Bùi Xương Trạch,150000.0,small,under_1b
132392010,3,,40.0,,,,,,,,,Đường Hoàng Quốc Việt,247500.0,small,under_1b
132785226,Phòng trọ,rent,25.0,,,,,,,,2.0,Phố Trần Quốc Vượng,160000.0,very_small,under_1b
132789324,2,sale,35.0,,,,1.0,1.0,,5.0,1.0,Ngách 102/51 Phố Hoàng Đạo Thành,44857142.85714286,small,1_3b
132783178,1,sale,128.0,,,,3.0,,,6.0,1.0,Tôn Thất Thuyết,117187500.0,large,over_10b
132592715,1,sale,55.0,,,,2.0,,,6.0,2.0,Kiến Hưng,71818181.81818181,small,3_5b
132748372,Phòng trọ,rent,20.0,,,,,,,,2.0,Ngõ 79 Cầu Giấy,175000.0,very_small,under_1b
132478041,3,rent,250.0,,,,,,,,,Phố Phương Liệt,140000.0,large,under_1b
132787300,1,sale,40.0,50.0,,,5.0,4.0,5.0,1.0,1.0,Đường Lê Đức Thọ,237500000.0,small,5_10b
130917477,Phòng trọ,,24.0,,,,,,,,2.0,Đường Hoàng Quốc Việt,179166.66666666666,very_small,under_1b
132039781,Phòng trọ,rent,20.0,,,,,,,,2.0,Đường Lê Quang Đạo,125000.0,very_small,under_1b
132777060,2,rent,73.4,,,,11.0,,,,2.0,Ngõ 416 Lạc Long Quân,119891.00817438691,medium,under_1b
132727921,1,sale,114.0,,,,3.0,2.0,,6.0,1.0,Đường Hoàng Mai,98245614.03508772,large,over_10b
132740212,Phòng trọ,rent,20.0,,,,,,,,2.0,"Ngõ 236, phố Đại Từ",135000.0,very_small,under_1b
132783220,1,sale,65.8,,4.3,15.3,,,,1.0,,Chương Dương,75987841.94528876,medium,5_10b
132291703,3,sale,51.0,,,,6.0,,55.0,1.0,2.0,Đường Nguyễn Văn Cừ,268627450.98039216,small,over_10b
130919547,1,,52.0,,,,4.0,,6.0,1.0,1.0,Đường Bát Khối,338461538.46153843,small,over_10b
132349055,1,,52.0,,,,2.0,2.0,,6.0,2.0,Đường Phạm Hùng,34615384.615384616,small,1_3b
132738184,3,sale,45.4,45.4,5.23,8.68,1.0,1.0,1.0,1.0,,Đại Mạch,78193832.59911895,small,3_5b
132617360,4,,260.0,,,,,,,,,mai hắc đế,153846.15384615384,large,under_1b
132508818,1,sale,36.0,,,,1.0,,,5.0,2.0,Phan Trọng Tuệ,44444444.44444445,small,1_3b
132713629,2,rent,30.0,,,,1.0,1.0,,6.0,2.0,Phố An Trạch,183333.33333333334,small,under_1b
130401437,Phòng trọ,rent,25.0,,,,,,,,2.0,Phố Nguyên Hồng,144000.0,very_small,under_1b
132246702,2,,38.0,,,,1.0,1.0,,4.0,1.0,Phố Khâm Thiên,171052.63157894736,small,under_1b
132779191,4,rent,165.0,,,,,,,1.0,2.0,Ngõ 679 Lạc Long Quân,333333.3333333333,large,under_1b
132789438,3,rent,17.0,33.0,3.0,5.5,1.0,,2.0,1.0,3.0,Lương Định Của,382352.9411764706,very_small,under_1b
132746442,3,rent,12000.0,,,,,,,,,Nguyên Hồng,83.33333333333333,very_large,under_1b
132523227,3,sale,71.0,71.0,4.3,16.5,4.0,5.0,7.0,1.0,1.0,Phố Tư Đình,274647887.3239437,medium,over_10b
132717794,3,sale,44.0,440.0,5.0,10.0,10.0,7.0,6.0,1.0,1.0,Kim Mã,361363636.3636364,small,over_10b
132742389,1,,36.0,36.0,4.0,9.0,3.0,4.0,8.0,1.0,1.0,Phố Nguyễn Hữu Thọ,305555555.5555556,small,over_10b
132771061,Phòng trọ,,20.0,,,,,,,,2.0,73 Tân Nhuệ,145000.0,very_small,under_1b
132705541,1,sale,63.0999,,,,2.0,2.0,,6.0,3.0,Yên Viên,72900274.00994296,medium,3_5b
132760837,1,,46.0,,,,2.0,1.0,,6.0,2.0,Nguyễn Xiển,78260869.56521739,small,3_5b
132787464,Phòng trọ,,18.0,,,,,,,,2.0,triều khúc,72222.22222222222,very_small,under_1b
132754696,Phòng trọ,,28.0,,,,,,,,,Phố Nhổn,89285.71428571429,very_small,under_1b
132781322,Phòng trọ,,18.0,,,,,,,,,Ngõ 486 Xuân Đỉnh,133333.33333333334,very_small,under_1b
132785425,3,,35.0,35.0,4.0,9.0,2.0,2.0,2.0,1.0,2.0, Nguyễn Trãi,257142857.14285713,small,5_10b
132723985,1,rent,67.0,,,,2.0,2.0,,,,Linh Đường,111940.29850746269,medium,under_1b
132779284,Phòng trọ,,40.0,,,,,,,,2.0,ĐỊnh CÔng,100000.0,small,under_1b
132406555,2,rent,20.0,,,,1.0,1.0,,6.0,2.0,Đường Nguyễn Khả Trạc,250000.0,very_small,under_1b
132752671,1,rent,65.0,,,,3.0,,,6.0,2.0,Yên Viên,138461.53846153847,medium,under_1b
132779296,1,,31.0,,,,1.0,1.0,,6.0,2.0,Yên Viên,63225806.451612905,small,1_3b
132777257,3,,45.0,,,,6.0,,5.0,,,Đường Hoàng Quốc Việt,400000.0,small,under_1b
132107564,1,sale,60.0,,4.8,12.8198,,,,1.0,,Kim Đái,25833333.333333332,medium,1_3b
132785467,3,rent,40.0,200.0,,,5.0,3.0,5.0,,,Ngõ 224/72 đường Hoàng Mai,300000.0,small,under_1b
132783424,4,,120.0,,,,,,,1.0,2.0,Đường Trâu Quỳ,91666.66666666667,large,under_1b
132781380,3,sale,42.0,42.0,4.1999,10.0,4.0,,4.0,1.0,2.0,An Đào D,188095238.0952381,small,5_10b
132443462,Phòng trọ,,25.0,,,,,,,,1.0,Phố Trịnh Văn Bô,140000.0,very_small,under_1b
132779341,3,rent,36.0,120.0,3.0999,12.0,4.0,3.0,4.0,1.0,,Cầu vượt Chùa Bộc -  Phạm Ngọc Thạch,416666.6666666667,small,under_1b
131642718,3,sale,40.0,,,,3.0,3.0,5.0,1.0,2.0,Đường Phúc Lợi,191250000.0,small,5_10b
132664680,Phòng trọ,rent,40.0,,,,,,,,,khu Đầm Trấu,112500.0,small,under_1b
132783469,3,rent,40.0,,,,5.0,,,,,Phố Hào Nam,400000.0,small,under_1b
132787573,1,,81.5998,160.0,4.0798,20.0,2.0,,2.0,1.0,3.0,Đường đê Hữu Đuống,90000220.58877595,medium,5_10b
132478334,3,rent,45.0,,,,,,,1.0,,Phố Nghĩa Đô,400000.0,small,under_1b
132789635,3,,46.0,,,,5.0,4.0,5.0,1.0,2.0,Phố Đội Cấn,278260869.5652174,small,over_10b
132779397,2,,289.0,,,,6.0,,,1.0,1.0,Phố Kim Mã,190311418.68512112,large,over_10b
125554054,1,sale,104.4,,6.19,16.93,,,,1.0,,HT,21072796.9348659,large,1_3b
132785544,3,rent,300.0,,,,,,,,,237 Hà Huy Tập,90000.0,very_large,under_1b
132787598,Phòng trọ,,20.0,,,,,,,,2.0,Ngách 15 Ngõ Gốc Đề,125000.0,very_small,under_1b
131163535,Phòng trọ,rent,30.0,,,,,,,,1.0,44 trần thái tông,153333.33333333334,small,under_1b
132777358,1,rent,90.0,,,,2.0,1.0,,6.0,2.0,Thanh Trì,88888.88888888889,medium,under_1b
132777369,1,,100.0,,6.5,15.5,,,,1.0,,QL21,31500000.0,large,3_5b
130960794,Phòng trọ,rent,12.0,,,,,,,,3.0,Đường Mỹ Đình,125000.0,very_small,under_1b
132529563,1,sale,70.0,,,,2.0,2.0,,6.0,2.0,Đường Cổ Nhuế,85714285.71428572,medium,5_10b
128601502,2,,25.0,,,,1.0,1.0,,6.0,2.0,Phố Trạm,200000.0,very_small,under_1b
132785585,1,sale,55.0,55.0,4.5,11.0,4.0,,4.0,1.0,2.0,Ngõ Xã Đàn 2,454545454.54545456,small,over_10b
129793455,3,rent,1200.0,,,,,,,1.0,,Khương Thượng,1250.0,very_large,under_1b
132783547,5,rent,75.0,,,,3.0,,,6.0,,Tôn Thất Tùng,100000.0,medium,under_1b
132785599,3,rent,65.0,,,,,,,,,Đường Nhân Hòa,200000.0,medium,under_1b
132734410,3,rent,50.0,50.0,4.0,10.5,4.0,3.0,5.0,,2.0,phố Dịch vọng,340000.0,small,under_1b
132705748,3,sale,50.0,50.0,4.4,11.3,4.0,5.0,6.0,1.0,2.0,Phố Đàm Quang Trung,202000000.0,small,over_10b
132777430,4,rent,77.0,231.0,4.1999,18.2999,3.0,3.0,3.0,1.0,3.0,Thọ Am,103896.1038961039,medium,under_1b
132779485,1,sale,60.0,,,,2.0,1.0,,6.0,3.0,Đường Lý Thánh Tông,54166666.666666664,medium,3_5b
131902951,1,sale,55.0,,,,2.0,1.0,,6.0,1.0,Đại Mỗ,72727272.72727273,small,3_5b
128001521,Phòng trọ,,25.0,,,,,,,,2.0,Ngõ 612 Lạc Long Quân,120000.0,very_small,under_1b
132720119,Phòng trọ,rent,50.0,,,,,,,,2.0,Phố Dương Quảng Hàm,90000.0,small,under_1b
132011525,Phòng trọ,,20.0,,,,,,,,,tay ket,140000.0,very_small,under_1b
132789775,1,sale,199.5,,7.0,,,,,1.0,,Đường tỉnh 411C,9022556.390977444,large,1_3b
132654622,1,,120.0,,,,3.0,2.0,,,2.0,Đường Mễ Trì,54166666.666666664,large,5_10b
132752941,1,,62.0,,,,3.0,,,,,Phố Hà Trung,951612903.2258065,medium,over_10b
131972651,1,sale,86.0,,6.0998,12.6597,,,,1.0,,"Thôn Hạnh Côn, Xã Xuân Mai, Chương Mỹ",15906976.744186046,medium,1_3b
132787763,5,sale,50.0,,,,1.0,1.0,,6.0,3.0,Phố Thành Công,59980000.0,small,1_3b
132464184,Phòng trọ,rent,20.0,,,,,,,,2.0,Đường Trần Quốc Vượng ,150000.0,very_small,under_1b
132785724,Phòng trọ,rent,20.0,,,,,,,,2.0,Đường Thụy Khuê,125000.0,very_small,under_1b
132783679,3,rent,75.0,,,,,,,,,phạm tuấn Tài,213333.33333333334,medium,under_1b
132494912,2,rent,50.0,,,,1.0,1.0,,6.0,1.0,Đường Thụy Khuê,280000.0,small,under_1b
132083273,1,sale,52.0,,,,2.0,1.0,,5.0,1.0,Phố Doãn Kế Thiện,45769230.76923077,small,1_3b
132785739,3,rent,72.0,,,,,,,1.0,3.0,Mỗ Lao,138888.88888888888,medium,under_1b
132744777,3,,51.0,,3.5,,3.0,,4.0,1.0,,Đường Trần Khát Chân,180392156.8627451,small,5_10b
132206162,3,,36.0,140.0,,,4.0,,4.0,1.0,,Phố Định Công,230555555.55555555,small,5_10b
132734546,1,sale,55.0,,4.0,13.0,,,,1.0,,Phố Pháo Đài Láng,254545454.54545453,small,over_10b
125304411,1,sale,60.2,,5.7898,11.0,,,,1.0,,Đồi Sen,40697674.41860465,medium,1_3b
131253854,1,sale,68.0,,,,2.0,2.0,,6.0,2.0,Phố Nguyễn Phan Chánh,77941176.47058824,medium,5_10b
132785767,1,,52.0,,,,2.0,2.0,,6.0,2.0,Đường Đại Cồ Việt,34615384.615384616,small,1_3b
132712042,1,,100.0,,5.0,,,,,1.0,,Mỹ Ả,60000000.0,large,5_10b
132781691,3,,60.0,,,,3.0,,,,,Cao Xá,105000000.0,medium,5_10b
132785790,3,rent,90.0,,,,,,,,,Phố Tây Sơn,177777.77777777778,medium,under_1b
131923596,1,sale,44.0,,4.25,10.1997,,,,1.0,,Đường song hành vành đai 4,87727272.72727273,small,3_5b
132787864,1,,80.0,,5.0,16.0,,,,1.0,,Ngõ 211 đường Ỷ Lan,125000000.0,medium,over_10b
132783772,4,rent,20.0,,,,,,,,,Đường Lĩnh Nam,1000000.0,very_small,under_1b
132755108,2,sale,82.0,,,,11.0,7.0,,,1.0,Phố Hoàng Như Tiếp,226829268.29268292,medium,over_10b
132746918,3,rent,35.0,135.0,3.2999,11.0,4.0,3.0,4.0,1.0,2.0,"Ngõ 355, Đường Xuân Đỉnh",342857.14285714284,small,under_1b
130674344,5,sale,80.0,,,,3.0,2.0,,6.0,2.0,Ngõ 190 Lò Đúc,72500000.0,medium,5_10b
132783786,1,sale,100.0,,5.0,20.0,,,,1.0,,Phúc Xuân,9500000.0,large,under_1b
132398766,3,,25.0,,,,3.0,,,,,Phố Bạch Mai,248000000.0,very_small,5_10b
131137200,3,sale,32.7999,40.0,3.2,10.8,2.0,2.0,2.0,1.0,4.0,Đường Lạc Long Quân,213415284.80269757,small,5_10b
132783795,Phòng trọ,rent,35.0,,,,,,,,2.0,Phố Văn Phú,71428.57142857143,small,under_1b
131561151,1,sale,120.0,,6.0,20.0,,,,1.0,,Đông Hội,74000000.0,large,5_10b
132644549,1,sale,86.0,,6.0,14.0,,,,1.0,,Xuân Mai,15813953.488372093,medium,1_3b
132517575,1,sale,100.0,,,,,,,1.0,,Xuân Khanh ,26000000.0,large,1_3b
132722377,3,,35.0,,4.0,9.0,6.0,6.0,6.0,1.0,3.0,Đường Mạc Thị Bưởi,265714285.7142857,small,5_10b
132749008,3,,38.0,,4.0,,3.0,4.0,5.0,1.0,,Phố Cù Chính Lan,284210526.31578946,small,over_10b
132787945,1,,36.0,,,,3.0,,,,,Bà triệu,166666666.66666666,small,5_10b
132753129,1,sale,130.0,,,,3.0,2.0,,6.0,1.0,Hồ Tùng Mậu,95000000.0,large,over_10b
131124971,3,sale,44.5,,4.5,10.0,4.0,3.0,4.0,1.0,2.0,Cầu giấy,179775280.8988764,small,5_10b
132787951,Phòng trọ,rent,20.2999,,,,,,,,,Phan Trọng Tuệ,123153.31602618731,very_small,under_1b
132525814,1,,52.0,,,,2.0,2.0,,6.0,2.0,Phố Hào Nam,28846153.846153848,small,1_3b
129048311,Phòng trọ,rent,13.0,,,,,,,,,Phố Hoàng Cầu,115384.61538461539,very_small,under_1b
132755190,1,,60.0,,,,,,,1.0,,An Khánh ,76666666.66666667,medium,3_5b
132771577,4,rent,70.0,,,,,,,,,Phố Đặng Dung,200000.0,medium,under_1b
132753141,Phòng trọ,,25.0,,,,,,,,,Đường Trần Khát Chân,192000.0,very_small,under_1b
132685567,1,,51.0,51.0,4.3899,10.5,5.0,6.0,5.0,1.0,2.0,Đường Chiến Thắng,392156862.74509805,small,over_10b
132482821,1,,52.0,,,,2.0,2.0,,6.0,2.0,Đường Xuân Thủy,34615384.615384616,small,1_3b
132787976,3,rent,55.0,165.0,5.0,11.0,5.0,3.0,3.0,1.0,2.0,Đường Phú Mỹ,227272.72727272726,small,under_1b
132785936,3,,45.0,,,,4.0,,5.0,1.0,1.0,Phố Dịch Vọng Hậu,293333333.3333333,small,over_10b
132028186,1,,52.0,,,,2.0,2.0,,6.0,2.0,Phố Tôn Đức Thắng,28846153.846153848,small,1_3b
132734746,3,sale,68.0,,,,6.0,,,1.0,2.0,Đường Nguyễn Chí Thanh,485294117.64705884,medium,over_10b
132575011,1,,46.0,,,,2.0,1.0,,,2.0,Hoàng Liệt,45652173.91304348,small,1_3b
132402986,3,,30.0,30.0,5.0,,3.0,,5.0,1.0,2.0,Phố Minh Khai,222000000.0,small,5_10b
132779823,1,sale,53.0,40.2999,6.48,6.8899,3.0,2.0,3.0,1.0,3.0,Cự Lộc,311320754.7169811,small,over_10b
129048372,Phòng trọ,rent,12.0,,,,,,,,,Phố Trần Quang Diệu,141666.66666666666,very_small,under_1b
132742978,4,rent,34.0,,,,,,,1.0,3.0,Phố Huế,1411764.705882353,small,under_1b
132783939,2,,25.0,,,,1.0,1.0,,6.0,2.0,Đường Phạm Văn Đồng,168000.0,very_small,under_1b
132777795,Phòng trọ,,25.0,,,,,,,,2.0,Đường Mỹ Đình,140000.0,very_small,under_1b
132017985,Phòng trọ,,35.0,,,,,,,,,Ngõ 54 Tôn Thất Tùng,100000.0,small,under_1b
131024717,1,sale,72.0,,,,2.0,,,6.0,1.0,Tôn Thất Thuyết,131944444.44444445,medium,5_10b
132785999,2,rent,100.0,,,,2.0,,,,2.0,Đường Hoàng Hoa Thám,135000.0,large,under_1b
132464471,Phòng trọ,,20.0,,,,,,,,3.0,Phố Nguyễn Văn Viên,125000.0,very_small,under_1b
131510104,2,sale,50.0,,,,2.0,,,5.0,2.0,Đường Hồ Tùng Mậu,47600000.0,small,1_3b
132790105,4,rent,150.0,,,,,,,1.0,3.0,HT garden,66666.66666666667,large,under_1b
132187998,3,,27.0,,,,3.0,4.0,4.0,1.0,2.0,Phố Thanh Nhàn,216666666.66666666,very_small,5_10b
132781919,2,sale,50.0,,,,2.0,1.0,,5.0,1.0,Phố Đông Tác,49800000.0,small,1_3b
132777835,5,,60.0,,,,2.0,1.0,,6.0,2.0,Phố Chương Dương Độ,100000.0,medium,under_1b
132779886,3,sale,18.0,,,,3.0,,,,,Phố Bạch Mai,227777777.7777778,very_small,3_5b
132788081,1,,150.0,,12.0,,8.0,,5.0,1.0,1.0,Đào tấn,480000000.0,large,over_10b
132482942,1,,52.0,,,,2.0,2.0,,6.0,2.0,Phố Phạm Ngọc Thạch,35576923.07692308,small,1_3b
132659071,3,,45.0,,,,4.0,3.0,,,,An Khánh ,107777777.77777778,small,3_5b
132790160,3,rent,40.0,,,,3.0,2.0,3.0,,,Ngõ 16 Hoàng Cầu,3086419.725,small,under_1b
132241297,1,sale,115.0,,,,3.0,2.0,,6.0,1.0,Lê Văn Lương,65913043.47826087,large,5_10b
132761500,Phòng trọ,rent,15.0,,,,,,,,,31 ngách 82/90 Kim Mã,133333.33333333334,very_small,under_1b
132777890,3,rent,40.0,,,,,,,,,Đường Võ Chí Công,162500.0,small,under_1b
132759461,Phòng trọ,rent,22.0,,,,,,,,2.0,Đê La Thành,227272.72727272726,very_small,under_1b
131927984,1,,52.0,,,,2.0,2.0,,6.0,2.0,Phố Tân Khai,28846153.846153848,small,1_3b
132777903,1,sale,70.0,,,,2.0,2.0,,6.0,2.0,Đường Lý Thánh Tông,54000000.0,medium,3_5b
132786102,Phòng trọ,,25.0,,,,,,,,,Phố Đội Cấn,128000.0,very_small,under_1b
132001722,1,,52.0,,,,2.0,2.0,,6.0,2.0,Đường Xuân Thủy,32692307.692307692,small,1_3b
132700097,3,sale,52.0,52.0,4.0,13.0,4.0,5.0,7.0,1.0,1.0,Đường Bát Khối,246153846.15384614,small,over_10b
132786130,3,sale,30.0,30.0,6.0,5.0,2.0,,3.0,1.0,3.0,Phố Đội Cấn,273333333.3333333,small,5_10b
132786138,3,,50.0,,,,,,,,,Phố Vũ Phạm Hàm,120000.0,small,under_1b
132704223,Phòng trọ,rent,25.0,,,,,,,,1.0,Phố Triều Khúc,180000.0,very_small,under_1b
130740197,3,sale,38.0,38.0,,,5.0,4.0,,1.0,,Đường Mỹ Đình,215789473.68421054,small,5_10b
132780006,1,sale,54.0,,,,2.0,1.0,,6.0,2.0,Phạm Văn Đồng,81481481.48148148,small,3_5b
132650986,1,sale,50.0,55.0,3.5999,14.0,5.0,5.0,6.0,1.0,1.0,Nguyễn Ngọc Nại,330000000.0,small,over_10b
130967538,1,rent,60.0,,,,7.0,,,,,Phố Hoàng Cầu,416666.6666666667,medium,under_1b
132784125,3,rent,35.0,150.0,5.0,7.0,3.0,4.0,5.0,1.0,2.0,Phố Khương Trung,342857.14285714284,small,under_1b
132737022,1,sale,68.0,,,,2.0,2.0,,,,Phạm Hùng,125000000.0,medium,5_10b
131993599,Phòng trọ,,16.0,,,,,,,,2.0,Ngõ 43 Phố Trung Kính,125000.0,very_small,under_1b
129807999,1,sale,137.0,,,,3.0,2.0,,6.0,2.0,Đường Hoàng Quốc Việt,86058394.16058394,large,over_10b
130437529,Phòng trọ,,14.0,,,,,,,,,Đường Cổ Nhuế,50000.0,very_small,under_1b
130863563,Phòng trọ,,25.0,,,,,,,,2.0,Ngõ 29 Phố Khương Hạ,160000.0,very_small,under_1b
131097514,Phòng trọ,,18.0,,,,,,,,2.0,Ngách 5 Gốc Đề,122222.22222222222,very_small,under_1b
131097835,Phòng trọ,,20.0,,,,,,,,2.0,Đường Láng,125000.0,very_small,under_1b
131579348,2,sale,54.0,,,,2.0,1.0,,,,Hà Trì,34814814.81481481,small,1_3b
131697915,1,,80.0,,6.0,14.0,,,,1.0,,Phố Dương Khuê,418750000.0,medium,over_10b
131706562,1,,150.0,,8.0,,,,,1.0,,Thôn Bài,9266666.666666666,large,1_3b
131708076,3,,38.0,,,,4.0,,,1.0,1.0,Phố Trần Thái Tông,272368421.05263156,small,over_10b
131735210,Phòng trọ,rent,25.0,,,,,,,,,Phố Phạm Ngọc Thạch,140000.0,very_small,under_1b
131834515,4,rent,120.0,,,,5.0,,,1.0,,"Trần Hữu Dực ,Trịnh Văn Bô, Xuân Phương",83333.33333333333,large,under_1b
131870120,3,sale,12.0,60.0,2.7999,4.5998,3.0,2.0,5.0,1.0,3.0,Ngõ Tiến Bộ,290000000.0,very_small,3_5b
132015773,3,sale,1917.0,,48.0,40.0,,,,1.0,,Thư lâm,27000000.0,very_large,over_10b
132179240,1,sale,41.0,,3.5999,11.0,,,,1.0,,Tằng My,70243902.43902439,small,1_3b
132284890,3,rent,40.0,,,,,,,1.0,3.0,Thiên Hiền,175000.0,small,under_1b
132317154,1,rent,85.0,,,,8.0,,,,,Phố Lê Trọng Tấn,588235.2941176471,medium,under_1b
132382938,2,sale,100.0,,,,5.0,5.0,,,,Phố Nguyễn Thị Thập,550000000.0,large,over_10b
132383118,3,sale,55.0,,,,6.0,6.0,,,,Phố Dịch Vọng Hậu,205454545.45454547,small,over_10b
132390241,3,sale,50.0,50.0,,,1.0,,1.0,5.0,4.0,Đường Nguyễn Quý Đức,44444440.0,small,1_3b
132434081,3,rent,90.0,,,,,,,,,Số2/34/68 Hoàng Cầu,111111.11111111111,medium,under_1b
132437506,4,rent,15.0,,,,,,,,,Phố Nguyễn Huy Tưởng,333333.3333333333,very_small,under_1b
132464030,3,rent,200.0,,,,,,,,,Bán Đảo Linh Đàm,500000.0,large,under_1b
132524798,2,sale,25.0,,,,1.0,1.0,,6.0,3.0,Cát Linh,50000000.0,very_small,1_3b
132537191,3,rent,72.0,,,,,,,,,Phố Thái Hà,1388888.888888889,medium,under_1b
132564020,Phòng trọ,rent,30.0,,,,,,,,1.0,Phố Tây Sơn,216666.66666666666,small,under_1b
132574846,Phòng trọ,,16.0,,,,,,,,,Ngõ 99 Định Công Hạ,131250.0,very_small,under_1b
132591644,Phòng trọ,,20.0,,,,,,,,2.0,Đường Nhân Hòa,125000.0,very_small,under_1b
132689201,1,,160.0,,5.1999,27.0,,,,1.0,,Đường Võ Nguyên Giáp,87875000.0,large,over_10b
132742972,3,sale,52.0,52.0,4.0,13.0,4.0,3.0,4.0,1.0,,Đường Phượng Bãi,53461538.461538464,small,1_3b
132772086,3,,30.0,,3.2,,2.0,3.0,3.0,,2.0,Đường Nguyễn Khoái,200000.0,small,under_1b
132829276,Phòng trọ,rent,80.0,,,,,,,,1.0,Phố Lò Đúc,150000.0,medium,under_1b
132844376,Phòng trọ,,25.0,,,,,,,,,Đường Phạm Văn Đồng,160000.0,very_small,under_1b
132844524,3,,20.0,,,,2.0,2.0,,1.0,2.0,Ngõ Trung Tả,225000000.0,very_small,3_5b
132844731,1,rent,62.0,,,,2.0,,,,,Đại Mỗ,209677.4193548387,medium,under_1b
132844767,1,rent,55.0,,,,2.0,2.0,,,2.0,Quốc lộ 32,109090.90909090909,small,under_1b
132844782,2,,130.5,,10.0,,8.0,7.0,5.0,1.0,3.0,Lideco,134099616.85823755,large,over_10b
132844825,4,,60.0,,,,,,,3.0,2.0,Đường Lê Quang Đạo,125000.0,medium,under_1b
132844833,1,rent,106.0,,,,3.0,,,,,Mỗ Lao,207547.16981132075,large,under_1b
132844834,3,rent,52.0,52.0,4.0,14.0,1.0,2.0,2.0,1.0,2.0,Trần Thái Tông,153846.15384615384,small,under_1b
132845077,Phòng trọ,rent,25.0,,,,,,,,2.0,Phố Giảng Võ,120000.0,very_small,under_1b
132845090,1,sale,66.0,,,,2.0,,,6.0,2.0,Phố Trịnh Đình Cửu,88636363.63636364,medium,5_10b
132845396,3,sale,45.0,,4.0,15.0,4.0,3.0,4.0,1.0,,Phố Đại Từ,233333333.33333334,small,over_10b
132845474,1,,117.0,,,,,,,,,Đường liên xã gần Đường DH09,30000000.0,large,3_5b
132846047,5,rent,75.0,,,,2.0,,,6.0,2.0,Láng hạ,160000.0,medium,under_1b
132846253,3,,25.0,,,,3.0,4.0,,1.0,2.0,Phố Bạch Mai,234000000.0,very_small,5_10b
132846515,3,rent,22.0,,,,1.0,1.0,,,,Phố Kim Mã,159090.9090909091,very_small,under_1b
132846622,3,rent,25.0,,,,1.0,1.0,,,,Ngõ 53 Đường Quang Tiến,104000.0,very_small,under_1b
132846626,3,rent,40.0,40.0,4.0,10.0,3.0,2.0,3.0,1.0,,Phố Trịnh Đình Cửu,225000.0,small,under_1b
132846695,1,rent,80.0,,,,2.0,2.0,,,2.0,Giải Phóng,175000.0,medium,under_1b
132846705,4,,90.0,,,,,,,1.0,3.0,Lê Trọng Tấn,166666.66666666666,medium,under_1b
132846735,2,sale,48.0,,,,2.0,1.0,,5.0,2.0,Phố Vũ Tông Phan,35208333.333333336,small,1_3b
132846799,3,rent,45.0,,,,3.0,,,,,Phố Ngọc Lâm,144444.44444444444,small,under_1b
